"시점","시군별(1)","시군별(2)","연령별(1)",독거노인별(1),데이터
"2014","합계","소계","계",합계,282210
"2014","합계","소계","계",국민기초생활보장 수급권자,47283
"2014","합계","소계","계",저소득노인,16515
"2014","합계","소계","계",일반,218412
"2014","합계","소계","65~79세",합계,209253
"2014","합계","소계","65~79세",국민기초생활보장 수급권자,30152
"2014","합계","소계","65~79세",저소득노인,10383
"2014","합계","소계","65~79세",일반,168718
"2014","합계","소계","80세 이상",합계,72957
"2014","합계","소계","80세 이상",국민기초생활보장 수급권자,17131
"2014","합계","소계","80세 이상",저소득노인,6132
"2014","합계","소계","80세 이상",일반,49694
"2014","남부","소계","계",합계,190718
"2014","남부","소계","계",국민기초생활보장 수급권자,30332
"2014","남부","소계","계",저소득노인,11165
"2014","남부","소계","계",일반,149221
"2014","남부","소계","65~79세",합계,139213
"2014","남부","소계","65~79세",국민기초생활보장 수급권자,18500
"2014","남부","소계","65~79세",저소득노인,6821
"2014","남부","소계","65~79세",일반,113892
"2014","남부","소계","80세 이상",합계,51505
"2014","남부","소계","80세 이상",국민기초생활보장 수급권자,11832
"2014","남부","소계","80세 이상",저소득노인,4344
"2014","남부","소계","80세 이상",일반,35329
"2014","남부","수원시","계",합계,20613
"2014","남부","수원시","계",국민기초생활보장 수급권자,3646
"2014","남부","수원시","계",저소득노인,1092
"2014","남부","수원시","계",일반,15875
"2014","남부","수원시","65~79세",합계,15258
"2014","남부","수원시","65~79세",국민기초생활보장 수급권자,1267
"2014","남부","수원시","65~79세",저소득노인,720
"2014","남부","수원시","65~79세",일반,13271
"2014","남부","수원시","80세 이상",합계,5355
"2014","남부","수원시","80세 이상",국민기초생활보장 수급권자,2379
"2014","남부","수원시","80세 이상",저소득노인,372
"2014","남부","수원시","80세 이상",일반,2604
"2014","남부","성남시","계",합계,24031
"2014","남부","성남시","계",국민기초생활보장 수급권자,3774
"2014","남부","성남시","계",저소득노인,1547
"2014","남부","성남시","계",일반,18710
"2014","남부","성남시","65~79세",합계,18117
"2014","남부","성남시","65~79세",국민기초생활보장 수급권자,2613
"2014","남부","성남시","65~79세",저소득노인,977
"2014","남부","성남시","65~79세",일반,14527
"2014","남부","성남시","80세 이상",합계,5914
"2014","남부","성남시","80세 이상",국민기초생활보장 수급권자,1161
"2014","남부","성남시","80세 이상",저소득노인,570
"2014","남부","성남시","80세 이상",일반,4183
"2014","남부","안양시","계",합계,12570
"2014","남부","안양시","계",국민기초생활보장 수급권자,1821
"2014","남부","안양시","계",저소득노인,577
"2014","남부","안양시","계",일반,10172
"2014","남부","안양시","65~79세",합계,9580
"2014","남부","안양시","65~79세",국민기초생활보장 수급권자,1144
"2014","남부","안양시","65~79세",저소득노인,299
"2014","남부","안양시","65~79세",일반,8137
"2014","남부","안양시","80세 이상",합계,2990
"2014","남부","안양시","80세 이상",국민기초생활보장 수급권자,677
"2014","남부","안양시","80세 이상",저소득노인,278
"2014","남부","안양시","80세 이상",일반,2035
"2014","남부","부천시","계",합계,18282
"2014","남부","부천시","계",국민기초생활보장 수급권자,1519
"2014","남부","부천시","계",저소득노인,279
"2014","남부","부천시","계",일반,16484
"2014","남부","부천시","65~79세",합계,13429
"2014","남부","부천시","65~79세",국민기초생활보장 수급권자,541
"2014","남부","부천시","65~79세",저소득노인,17
"2014","남부","부천시","65~79세",일반,12871
"2014","남부","부천시","80세 이상",합계,4853
"2014","남부","부천시","80세 이상",국민기초생활보장 수급권자,978
"2014","남부","부천시","80세 이상",저소득노인,262
"2014","남부","부천시","80세 이상",일반,3613
"2014","남부","광명시","계",합계,7724
"2014","남부","광명시","계",국민기초생활보장 수급권자,1613
"2014","남부","광명시","계",저소득노인,490
"2014","남부","광명시","계",일반,5621
"2014","남부","광명시","65~79세",합계,5830
"2014","남부","광명시","65~79세",국민기초생활보장 수급권자,1150
"2014","남부","광명시","65~79세",저소득노인,352
"2014","남부","광명시","65~79세",일반,4328
"2014","남부","광명시","80세 이상",합계,1894
"2014","남부","광명시","80세 이상",국민기초생활보장 수급권자,463
"2014","남부","광명시","80세 이상",저소득노인,138
"2014","남부","광명시","80세 이상",일반,1293
"2014","남부","평택시","계",합계,13001
"2014","남부","평택시","계",국민기초생활보장 수급권자,1955
"2014","남부","평택시","계",저소득노인,716
"2014","남부","평택시","계",일반,10330
"2014","남부","평택시","65~79세",합계,9235
"2014","남부","평택시","65~79세",국민기초생활보장 수급권자,1241
"2014","남부","평택시","65~79세",저소득노인,491
"2014","남부","평택시","65~79세",일반,7503
"2014","남부","평택시","80세 이상",합계,3766
"2014","남부","평택시","80세 이상",국민기초생활보장 수급권자,714
"2014","남부","평택시","80세 이상",저소득노인,225
"2014","남부","평택시","80세 이상",일반,2827
"2014","남부","안산시","계",합계,14619
"2014","남부","안산시","계",국민기초생활보장 수급권자,3543
"2014","남부","안산시","계",저소득노인,1081
"2014","남부","안산시","계",일반,9995
"2014","남부","안산시","65~79세",합계,10937
"2014","남부","안산시","65~79세",국민기초생활보장 수급권자,2293
"2014","남부","안산시","65~79세",저소득노인,684
"2014","남부","안산시","65~79세",일반,7960
"2014","남부","안산시","80세 이상",합계,3682
"2014","남부","안산시","80세 이상",국민기초생활보장 수급권자,1250
"2014","남부","안산시","80세 이상",저소득노인,397
"2014","남부","안산시","80세 이상",일반,2035
"2014","남부","과천시","계",합계,1690
"2014","남부","과천시","계",국민기초생활보장 수급권자,275
"2014","남부","과천시","계",저소득노인,44
"2014","남부","과천시","계",일반,1371
"2014","남부","과천시","65~79세",합계,1181
"2014","남부","과천시","65~79세",국민기초생활보장 수급권자,159
"2014","남부","과천시","65~79세",저소득노인,20
"2014","남부","과천시","65~79세",일반,1002
"2014","남부","과천시","80세 이상",합계,509
"2014","남부","과천시","80세 이상",국민기초생활보장 수급권자,116
"2014","남부","과천시","80세 이상",저소득노인,24
"2014","남부","과천시","80세 이상",일반,369
"2014","남부","오산시","계",합계,3304
"2014","남부","오산시","계",국민기초생활보장 수급권자,748
"2014","남부","오산시","계",저소득노인,209
"2014","남부","오산시","계",일반,2347
"2014","남부","오산시","65~79세",합계,2659
"2014","남부","오산시","65~79세",국민기초생활보장 수급권자,607
"2014","남부","오산시","65~79세",저소득노인,117
"2014","남부","오산시","65~79세",일반,1935
"2014","남부","오산시","80세 이상",합계,645
"2014","남부","오산시","80세 이상",국민기초생활보장 수급권자,141
"2014","남부","오산시","80세 이상",저소득노인,92
"2014","남부","오산시","80세 이상",일반,412
"2014","남부","시흥시","계",합계,2560
"2014","남부","시흥시","계",국민기초생활보장 수급권자,944
"2014","남부","시흥시","계",저소득노인,271
"2014","남부","시흥시","계",일반,1345
"2014","남부","시흥시","65~79세",합계,1744
"2014","남부","시흥시","65~79세",국민기초생활보장 수급권자,646
"2014","남부","시흥시","65~79세",저소득노인,184
"2014","남부","시흥시","65~79세",일반,914
"2014","남부","시흥시","80세 이상",합계,816
"2014","남부","시흥시","80세 이상",국민기초생활보장 수급권자,298
"2014","남부","시흥시","80세 이상",저소득노인,87
"2014","남부","시흥시","80세 이상",일반,431
"2014","남부","군포시","계",합계,6960
"2014","남부","군포시","계",국민기초생활보장 수급권자,1310
"2014","남부","군포시","계",저소득노인,194
"2014","남부","군포시","계",일반,5456
"2014","남부","군포시","65~79세",합계,5261
"2014","남부","군포시","65~79세",국민기초생활보장 수급권자,915
"2014","남부","군포시","65~79세",저소득노인,121
"2014","남부","군포시","65~79세",일반,4225
"2014","남부","군포시","80세 이상",합계,1699
"2014","남부","군포시","80세 이상",국민기초생활보장 수급권자,395
"2014","남부","군포시","80세 이상",저소득노인,73
"2014","남부","군포시","80세 이상",일반,1231
"2014","남부","의왕시","계",합계,3809
"2014","남부","의왕시","계",국민기초생활보장 수급권자,477
"2014","남부","의왕시","계",저소득노인,279
"2014","남부","의왕시","계",일반,3053
"2014","남부","의왕시","65~79세",합계,2822
"2014","남부","의왕시","65~79세",국민기초생활보장 수급권자,321
"2014","남부","의왕시","65~79세",저소득노인,212
"2014","남부","의왕시","65~79세",일반,2289
"2014","남부","의왕시","80세 이상",합계,987
"2014","남부","의왕시","80세 이상",국민기초생활보장 수급권자,156
"2014","남부","의왕시","80세 이상",저소득노인,67
"2014","남부","의왕시","80세 이상",일반,764
"2014","남부","하남시","계",합계,4673
"2014","남부","하남시","계",국민기초생활보장 수급권자,579
"2014","남부","하남시","계",저소득노인,327
"2014","남부","하남시","계",일반,3767
"2014","남부","하남시","65~79세",합계,1369
"2014","남부","하남시","65~79세",국민기초생활보장 수급권자,370
"2014","남부","하남시","65~79세",저소득노인,205
"2014","남부","하남시","65~79세",일반,794
"2014","남부","하남시","80세 이상",합계,3304
"2014","남부","하남시","80세 이상",국민기초생활보장 수급권자,209
"2014","남부","하남시","80세 이상",저소득노인,122
"2014","남부","하남시","80세 이상",일반,2973
"2014","남부","용인시","계",합계,16404
"2014","남부","용인시","계",국민기초생활보장 수급권자,1286
"2014","남부","용인시","계",저소득노인,815
"2014","남부","용인시","계",일반,14303
"2014","남부","용인시","65~79세",합계,12806
"2014","남부","용인시","65~79세",국민기초생활보장 수급권자,867
"2014","남부","용인시","65~79세",저소득노인,493
"2014","남부","용인시","65~79세",일반,11446
"2014","남부","용인시","80세 이상",합계,3598
"2014","남부","용인시","80세 이상",국민기초생활보장 수급권자,419
"2014","남부","용인시","80세 이상",저소득노인,322
"2014","남부","용인시","80세 이상",일반,2857
"2014","남부","이천시","계",합계,4314
"2014","남부","이천시","계",국민기초생활보장 수급권자,1073
"2014","남부","이천시","계",저소득노인,943
"2014","남부","이천시","계",일반,2298
"2014","남부","이천시","65~79세",합계,3186
"2014","남부","이천시","65~79세",국민기초생활보장 수급권자,692
"2014","남부","이천시","65~79세",저소득노인,546
"2014","남부","이천시","65~79세",일반,1948
"2014","남부","이천시","80세 이상",합계,1128
"2014","남부","이천시","80세 이상",국민기초생활보장 수급권자,381
"2014","남부","이천시","80세 이상",저소득노인,397
"2014","남부","이천시","80세 이상",일반,350
"2014","남부","안성시","계",합계,6245
"2014","남부","안성시","계",국민기초생활보장 수급권자,1225
"2014","남부","안성시","계",저소득노인,310
"2014","남부","안성시","계",일반,4710
"2014","남부","안성시","65~79세",합계,4325
"2014","남부","안성시","65~79세",국민기초생활보장 수급권자,742
"2014","남부","안성시","65~79세",저소득노인,219
"2014","남부","안성시","65~79세",일반,3364
"2014","남부","안성시","80세 이상",합계,1920
"2014","남부","안성시","80세 이상",국민기초생활보장 수급권자,483
"2014","남부","안성시","80세 이상",저소득노인,91
"2014","남부","안성시","80세 이상",일반,1346
"2014","남부","김포시","계",합계,7577
"2014","남부","김포시","계",국민기초생활보장 수급권자,943
"2014","남부","김포시","계",저소득노인,148
"2014","남부","김포시","계",일반,6486
"2014","남부","김포시","65~79세",합계,5772
"2014","남부","김포시","65~79세",국민기초생활보장 수급권자,648
"2014","남부","김포시","65~79세",저소득노인,103
"2014","남부","김포시","65~79세",일반,5021
"2014","남부","김포시","80세 이상",합계,1805
"2014","남부","김포시","80세 이상",국민기초생활보장 수급권자,295
"2014","남부","김포시","80세 이상",저소득노인,45
"2014","남부","김포시","80세 이상",일반,1465
"2014","남부","화성시","계",합계,6187
"2014","남부","화성시","계",국민기초생활보장 수급권자,905
"2014","남부","화성시","계",저소득노인,470
"2014","남부","화성시","계",일반,4812
"2014","남부","화성시","65~79세",합계,4108
"2014","남부","화성시","65~79세",국민기초생활보장 수급권자,618
"2014","남부","화성시","65~79세",저소득노인,253
"2014","남부","화성시","65~79세",일반,3237
"2014","남부","화성시","80세 이상",합계,2079
"2014","남부","화성시","80세 이상",국민기초생활보장 수급권자,287
"2014","남부","화성시","80세 이상",저소득노인,217
"2014","남부","화성시","80세 이상",일반,1575
"2014","남부","광주시","계",합계,7941
"2014","남부","광주시","계",국민기초생활보장 수급권자,886
"2014","남부","광주시","계",저소득노인,725
"2014","남부","광주시","계",일반,6330
"2014","남부","광주시","65~79세",합계,6099
"2014","남부","광주시","65~79세",국민기초생활보장 수급권자,560
"2014","남부","광주시","65~79세",저소득노인,447
"2014","남부","광주시","65~79세",일반,5092
"2014","남부","광주시","80세 이상",합계,1842
"2014","남부","광주시","80세 이상",국민기초생활보장 수급권자,326
"2014","남부","광주시","80세 이상",저소득노인,278
"2014","남부","광주시","80세 이상",일반,1238
"2014","남부","여주시","계",합계,5086
"2014","남부","여주시","계",국민기초생활보장 수급권자,923
"2014","남부","여주시","계",저소득노인,206
"2014","남부","여주시","계",일반,3957
"2014","남부","여주시","65~79세",합계,3553
"2014","남부","여주시","65~79세",국민기초생활보장 수급권자,585
"2014","남부","여주시","65~79세",저소득노인,147
"2014","남부","여주시","65~79세",일반,2821
"2014","남부","여주시","80세 이상",합계,1533
"2014","남부","여주시","80세 이상",국민기초생활보장 수급권자,338
"2014","남부","여주시","80세 이상",저소득노인,59
"2014","남부","여주시","80세 이상",일반,1136
"2014","남부","양평군","계",합계,3128
"2014","남부","양평군","계",국민기초생활보장 수급권자,887
"2014","남부","양평군","계",저소득노인,442
"2014","남부","양평군","계",일반,1799
"2014","남부","양평군","65~79세",합계,1942
"2014","남부","양평군","65~79세",국민기초생활보장 수급권자,521
"2014","남부","양평군","65~79세",저소득노인,214
"2014","남부","양평군","65~79세",일반,1207
"2014","남부","양평군","80세 이상",합계,1186
"2014","남부","양평군","80세 이상",국민기초생활보장 수급권자,366
"2014","남부","양평군","80세 이상",저소득노인,228
"2014","남부","양평군","80세 이상",일반,592
"2014","북부","소계","계",합계,91492
"2014","북부","소계","계",국민기초생활보장 수급권자,16951
"2014","북부","소계","계",저소득노인,5350
"2014","북부","소계","계",일반,69191
"2014","북부","소계","65~79세",합계,70040
"2014","북부","소계","65~79세",국민기초생활보장 수급권자,11652
"2014","북부","소계","65~79세",저소득노인,3562
"2014","북부","소계","65~79세",일반,54826
"2014","북부","소계","80세 이상",합계,21452
"2014","북부","소계","80세 이상",국민기초생활보장 수급권자,5299
"2014","북부","소계","80세 이상",저소득노인,1788
"2014","북부","소계","80세 이상",일반,14365
"2014","북부","의정부시","계",합계,12616
"2014","북부","의정부시","계",국민기초생활보장 수급권자,2695
"2014","북부","의정부시","계",저소득노인,930
"2014","북부","의정부시","계",일반,8991
"2014","북부","의정부시","65~79세",합계,9440
"2014","북부","의정부시","65~79세",국민기초생활보장 수급권자,1839
"2014","북부","의정부시","65~79세",저소득노인,598
"2014","북부","의정부시","65~79세",일반,7003
"2014","북부","의정부시","80세 이상",합계,3176
"2014","북부","의정부시","80세 이상",국민기초생활보장 수급권자,856
"2014","북부","의정부시","80세 이상",저소득노인,332
"2014","북부","의정부시","80세 이상",일반,1988
"2014","북부","동두천시","계",합계,4026
"2014","북부","동두천시","계",국민기초생활보장 수급권자,1135
"2014","북부","동두천시","계",저소득노인,265
"2014","북부","동두천시","계",일반,2626
"2014","북부","동두천시","65~79세",합계,2994
"2014","북부","동두천시","65~79세",국민기초생활보장 수급권자,809
"2014","북부","동두천시","65~79세",저소득노인,192
"2014","북부","동두천시","65~79세",일반,1993
"2014","북부","동두천시","80세 이상",합계,1032
"2014","북부","동두천시","80세 이상",국민기초생활보장 수급권자,326
"2014","북부","동두천시","80세 이상",저소득노인,73
"2014","북부","동두천시","80세 이상",일반,633
"2014","북부","고양시","계",합계,23882
"2014","북부","고양시","계",국민기초생활보장 수급권자,3803
"2014","북부","고양시","계",저소득노인,1044
"2014","북부","고양시","계",일반,19035
"2014","북부","고양시","65~79세",합계,18937
"2014","북부","고양시","65~79세",국민기초생활보장 수급권자,2703
"2014","북부","고양시","65~79세",저소득노인,730
"2014","북부","고양시","65~79세",일반,15504
"2014","북부","고양시","80세 이상",합계,4945
"2014","북부","고양시","80세 이상",국민기초생활보장 수급권자,1100
"2014","북부","고양시","80세 이상",저소득노인,314
"2014","북부","고양시","80세 이상",일반,3531
"2014","북부","구리시","계",합계,5352
"2014","북부","구리시","계",국민기초생활보장 수급권자,1094
"2014","북부","구리시","계",저소득노인,191
"2014","북부","구리시","계",일반,4067
"2014","북부","구리시","65~79세",합계,4221
"2014","북부","구리시","65~79세",국민기초생활보장 수급권자,790
"2014","북부","구리시","65~79세",저소득노인,144
"2014","북부","구리시","65~79세",일반,3287
"2014","북부","구리시","80세 이상",합계,1131
"2014","북부","구리시","80세 이상",국민기초생활보장 수급권자,304
"2014","북부","구리시","80세 이상",저소득노인,47
"2014","북부","구리시","80세 이상",일반,780
"2014","북부","남양주시","계",합계,14882
"2014","북부","남양주시","계",국민기초생활보장 수급권자,2355
"2014","북부","남양주시","계",저소득노인,385
"2014","북부","남양주시","계",일반,12142
"2014","북부","남양주시","65~79세",합계,11410
"2014","북부","남양주시","65~79세",국민기초생활보장 수급권자,1521
"2014","북부","남양주시","65~79세",저소득노인,266
"2014","북부","남양주시","65~79세",일반,9623
"2014","북부","남양주시","80세 이상",합계,3472
"2014","북부","남양주시","80세 이상",국민기초생활보장 수급권자,834
"2014","북부","남양주시","80세 이상",저소득노인,119
"2014","북부","남양주시","80세 이상",일반,2519
"2014","북부","파주시","계",합계,11476
"2014","북부","파주시","계",국민기초생활보장 수급권자,1760
"2014","북부","파주시","계",저소득노인,486
"2014","북부","파주시","계",일반,9230
"2014","북부","파주시","65~79세",합계,8816
"2014","북부","파주시","65~79세",국민기초생활보장 수급권자,1240
"2014","북부","파주시","65~79세",저소득노인,330
"2014","북부","파주시","65~79세",일반,7246
"2014","북부","파주시","80세 이상",합계,2660
"2014","북부","파주시","80세 이상",국민기초생활보장 수급권자,520
"2014","북부","파주시","80세 이상",저소득노인,156
"2014","북부","파주시","80세 이상",일반,1984
"2014","북부","양주시","계",합계,5721
"2014","북부","양주시","계",국민기초생활보장 수급권자,1089
"2014","북부","양주시","계",저소득노인,358
"2014","북부","양주시","계",일반,4274
"2014","북부","양주시","65~79세",합계,4332
"2014","북부","양주시","65~79세",국민기초생활보장 수급권자,670
"2014","북부","양주시","65~79세",저소득노인,228
"2014","북부","양주시","65~79세",일반,3434
"2014","북부","양주시","80세 이상",합계,1389
"2014","북부","양주시","80세 이상",국민기초생활보장 수급권자,419
"2014","북부","양주시","80세 이상",저소득노인,130
"2014","북부","양주시","80세 이상",일반,840
"2014","북부","포천시","계",합계,6210
"2014","북부","포천시","계",국민기초생활보장 수급권자,1034
"2014","북부","포천시","계",저소득노인,337
"2014","북부","포천시","계",일반,4839
"2014","북부","포천시","65~79세",합계,4866
"2014","북부","포천시","65~79세",국민기초생활보장 수급권자,756
"2014","북부","포천시","65~79세",저소득노인,232
"2014","북부","포천시","65~79세",일반,3878
"2014","북부","포천시","80세 이상",합계,1344
"2014","북부","포천시","80세 이상",국민기초생활보장 수급권자,278
"2014","북부","포천시","80세 이상",저소득노인,105
"2014","북부","포천시","80세 이상",일반,961
"2014","북부","연천군","계",합계,3529
"2014","북부","연천군","계",국민기초생활보장 수급권자,690
"2014","북부","연천군","계",저소득노인,1135
"2014","북부","연천군","계",일반,1704
"2014","북부","연천군","65~79세",합계,2150
"2014","북부","연천군","65~79세",국민기초생활보장 수급권자,404
"2014","북부","연천군","65~79세",저소득노인,697
"2014","북부","연천군","65~79세",일반,1049
"2014","북부","연천군","80세 이상",합계,1379
"2014","북부","연천군","80세 이상",국민기초생활보장 수급권자,286
"2014","북부","연천군","80세 이상",저소득노인,438
"2014","북부","연천군","80세 이상",일반,655
"2014","북부","가평군","계",합계,3798
"2014","북부","가평군","계",국민기초생활보장 수급권자,1296
"2014","북부","가평군","계",저소득노인,219
"2014","북부","가평군","계",일반,2283
"2014","북부","가평군","65~79세",합계,2874
"2014","북부","가평군","65~79세",국민기초생활보장 수급권자,920
"2014","북부","가평군","65~79세",저소득노인,145
"2014","북부","가평군","65~79세",일반,1809
"2014","북부","가평군","80세 이상",합계,924
"2014","북부","가평군","80세 이상",국민기초생활보장 수급권자,376
"2014","북부","가평군","80세 이상",저소득노인,74
"2014","북부","가평군","80세 이상",일반,474
"2015","합계","소계","계",합계,301509
"2015","합계","소계","계",국민기초생활보장 수급권자,50285
"2015","합계","소계","계",저소득노인,15089
"2015","합계","소계","계",일반,236135
"2015","합계","소계","65~79세",합계,207879
"2015","합계","소계","65~79세",국민기초생활보장 수급권자,32022
"2015","합계","소계","65~79세",저소득노인,8494
"2015","합계","소계","65~79세",일반,167363
"2015","합계","소계","80세 이상",합계,93630
"2015","합계","소계","80세 이상",국민기초생활보장 수급권자,18263
"2015","합계","소계","80세 이상",저소득노인,6595
"2015","합계","소계","80세 이상",일반,68772
"2015","남부","소계","계",합계,205432
"2015","남부","소계","계",국민기초생활보장 수급권자,32006
"2015","남부","소계","계",저소득노인,10933
"2015","남부","소계","계",일반,162493
"2015","남부","소계","65~79세",합계,140192
"2015","남부","소계","65~79세",국민기초생활보장 수급권자,20061
"2015","남부","소계","65~79세",저소득노인,5903
"2015","남부","소계","65~79세",일반,114228
"2015","남부","소계","80세 이상",합계,65240
"2015","남부","소계","80세 이상",국민기초생활보장 수급권자,11945
"2015","남부","소계","80세 이상",저소득노인,5030
"2015","남부","소계","80세 이상",일반,48265
"2015","남부","수원시","계",합계,23212
"2015","남부","수원시","계",국민기초생활보장 수급권자,5163
"2015","남부","수원시","계",저소득노인,1294
"2015","남부","수원시","계",일반,16755
"2015","남부","수원시","65~79세",합계,17722
"2015","남부","수원시","65~79세",국민기초생활보장 수급권자,3690
"2015","남부","수원시","65~79세",저소득노인,777
"2015","남부","수원시","65~79세",일반,13255
"2015","남부","수원시","80세 이상",합계,5490
"2015","남부","수원시","80세 이상",국민기초생활보장 수급권자,1473
"2015","남부","수원시","80세 이상",저소득노인,517
"2015","남부","수원시","80세 이상",일반,3500
"2015","남부","성남시","계",합계,25222
"2015","남부","성남시","계",국민기초생활보장 수급권자,3982
"2015","남부","성남시","계",저소득노인,1401
"2015","남부","성남시","계",일반,19839
"2015","남부","성남시","65~79세",합계,7274
"2015","남부","성남시","65~79세",국민기초생활보장 수급권자,1571
"2015","남부","성남시","65~79세",저소득노인,560
"2015","남부","성남시","65~79세",일반,5143
"2015","남부","성남시","80세 이상",합계,17948
"2015","남부","성남시","80세 이상",국민기초생활보장 수급권자,2411
"2015","남부","성남시","80세 이상",저소득노인,841
"2015","남부","성남시","80세 이상",일반,14696
"2015","남부","안양시","계",합계,12823
"2015","남부","안양시","계",국민기초생활보장 수급권자,1802
"2015","남부","안양시","계",저소득노인,690
"2015","남부","안양시","계",일반,10331
"2015","남부","안양시","65~79세",합계,10147
"2015","남부","안양시","65~79세",국민기초생활보장 수급권자,1309
"2015","남부","안양시","65~79세",저소득노인,415
"2015","남부","안양시","65~79세",일반,8423
"2015","남부","안양시","80세 이상",합계,2676
"2015","남부","안양시","80세 이상",국민기초생활보장 수급권자,493
"2015","남부","안양시","80세 이상",저소득노인,275
"2015","남부","안양시","80세 이상",일반,1908
"2015","남부","부천시","계",합계,18282
"2015","남부","부천시","계",국민기초생활보장 수급권자,1519
"2015","남부","부천시","계",저소득노인,279
"2015","남부","부천시","계",일반,16484
"2015","남부","부천시","65~79세",합계,13429
"2015","남부","부천시","65~79세",국민기초생활보장 수급권자,541
"2015","남부","부천시","65~79세",저소득노인,17
"2015","남부","부천시","65~79세",일반,12871
"2015","남부","부천시","80세 이상",합계,4853
"2015","남부","부천시","80세 이상",국민기초생활보장 수급권자,978
"2015","남부","부천시","80세 이상",저소득노인,262
"2015","남부","부천시","80세 이상",일반,3613
"2015","남부","광명시","계",합계,8085
"2015","남부","광명시","계",국민기초생활보장 수급권자,1374
"2015","남부","광명시","계",저소득노인,540
"2015","남부","광명시","계",일반,6171
"2015","남부","광명시","65~79세",합계,6536
"2015","남부","광명시","65~79세",국민기초생활보장 수급권자,936
"2015","남부","광명시","65~79세",저소득노인,324
"2015","남부","광명시","65~79세",일반,5276
"2015","남부","광명시","80세 이상",합계,1549
"2015","남부","광명시","80세 이상",국민기초생활보장 수급권자,438
"2015","남부","광명시","80세 이상",저소득노인,216
"2015","남부","광명시","80세 이상",일반,895
"2015","남부","평택시","계",합계,14394
"2015","남부","평택시","계",국민기초생활보장 수급권자,1867
"2015","남부","평택시","계",저소득노인,303
"2015","남부","평택시","계",일반,12224
"2015","남부","평택시","65~79세",합계,10445
"2015","남부","평택시","65~79세",국민기초생활보장 수급권자,1371
"2015","남부","평택시","65~79세",저소득노인,199
"2015","남부","평택시","65~79세",일반,8875
"2015","남부","평택시","80세 이상",합계,3949
"2015","남부","평택시","80세 이상",국민기초생활보장 수급권자,496
"2015","남부","평택시","80세 이상",저소득노인,104
"2015","남부","평택시","80세 이상",일반,3349
"2015","남부","안산시","계",합계,14292
"2015","남부","안산시","계",국민기초생활보장 수급권자,3106
"2015","남부","안산시","계",저소득노인,1108
"2015","남부","안산시","계",일반,10078
"2015","남부","안산시","65~79세",합계,10924
"2015","남부","안산시","65~79세",국민기초생활보장 수급권자,2063
"2015","남부","안산시","65~79세",저소득노인,667
"2015","남부","안산시","65~79세",일반,8194
"2015","남부","안산시","80세 이상",합계,3368
"2015","남부","안산시","80세 이상",국민기초생활보장 수급권자,1043
"2015","남부","안산시","80세 이상",저소득노인,441
"2015","남부","안산시","80세 이상",일반,1884
"2015","남부","과천시","계",합계,1752
"2015","남부","과천시","계",국민기초생활보장 수급권자,160
"2015","남부","과천시","계",저소득노인,57
"2015","남부","과천시","계",일반,1535
"2015","남부","과천시","65~79세",합계,1194
"2015","남부","과천시","65~79세",국민기초생활보장 수급권자,122
"2015","남부","과천시","65~79세",저소득노인,28
"2015","남부","과천시","65~79세",일반,1044
"2015","남부","과천시","80세 이상",합계,558
"2015","남부","과천시","80세 이상",국민기초생활보장 수급권자,38
"2015","남부","과천시","80세 이상",저소득노인,29
"2015","남부","과천시","80세 이상",일반,491
"2015","남부","오산시","계",합계,3199
"2015","남부","오산시","계",국민기초생활보장 수급권자,519
"2015","남부","오산시","계",저소득노인,159
"2015","남부","오산시","계",일반,2521
"2015","남부","오산시","65~79세",합계,2581
"2015","남부","오산시","65~79세",국민기초생활보장 수급권자,380
"2015","남부","오산시","65~79세",저소득노인,113
"2015","남부","오산시","65~79세",일반,2088
"2015","남부","오산시","80세 이상",합계,618
"2015","남부","오산시","80세 이상",국민기초생활보장 수급권자,139
"2015","남부","오산시","80세 이상",저소득노인,46
"2015","남부","오산시","80세 이상",일반,433
"2015","남부","시흥시","계",합계,7150
"2015","남부","시흥시","계",국민기초생활보장 수급권자,944
"2015","남부","시흥시","계",저소득노인,271
"2015","남부","시흥시","계",일반,5935
"2015","남부","시흥시","65~79세",합계,4793
"2015","남부","시흥시","65~79세",국민기초생활보장 수급권자,646
"2015","남부","시흥시","65~79세",저소득노인,184
"2015","남부","시흥시","65~79세",일반,3963
"2015","남부","시흥시","80세 이상",합계,2357
"2015","남부","시흥시","80세 이상",국민기초생활보장 수급권자,298
"2015","남부","시흥시","80세 이상",저소득노인,87
"2015","남부","시흥시","80세 이상",일반,1972
"2015","남부","군포시","계",합계,5866
"2015","남부","군포시","계",국민기초생활보장 수급권자,1186
"2015","남부","군포시","계",저소득노인,407
"2015","남부","군포시","계",일반,4273
"2015","남부","군포시","65~79세",합계,3906
"2015","남부","군포시","65~79세",국민기초생활보장 수급권자,801
"2015","남부","군포시","65~79세",저소득노인,208
"2015","남부","군포시","65~79세",일반,2897
"2015","남부","군포시","80세 이상",합계,1960
"2015","남부","군포시","80세 이상",국민기초생활보장 수급권자,385
"2015","남부","군포시","80세 이상",저소득노인,199
"2015","남부","군포시","80세 이상",일반,1376
"2015","남부","의왕시","계",합계,309
"2015","남부","의왕시","계",국민기초생활보장 수급권자,67
"2015","남부","의왕시","계",저소득노인,39
"2015","남부","의왕시","계",일반,203
"2015","남부","의왕시","65~79세",합계,125
"2015","남부","의왕시","65~79세",국민기초생활보장 수급권자,34
"2015","남부","의왕시","65~79세",저소득노인,11
"2015","남부","의왕시","65~79세",일반,80
"2015","남부","의왕시","80세 이상",합계,184
"2015","남부","의왕시","80세 이상",국민기초생활보장 수급권자,33
"2015","남부","의왕시","80세 이상",저소득노인,28
"2015","남부","의왕시","80세 이상",일반,123
"2015","남부","하남시","계",합계,4305
"2015","남부","하남시","계",국민기초생활보장 수급권자,516
"2015","남부","하남시","계",저소득노인,268
"2015","남부","하남시","계",일반,3521
"2015","남부","하남시","65~79세",합계,1253
"2015","남부","하남시","65~79세",국민기초생활보장 수급권자,348
"2015","남부","하남시","65~79세",저소득노인,166
"2015","남부","하남시","65~79세",일반,739
"2015","남부","하남시","80세 이상",합계,3052
"2015","남부","하남시","80세 이상",국민기초생활보장 수급권자,168
"2015","남부","하남시","80세 이상",저소득노인,102
"2015","남부","하남시","80세 이상",일반,2782
"2015","남부","용인시","계",합계,21176
"2015","남부","용인시","계",국민기초생활보장 수급권자,2364
"2015","남부","용인시","계",저소득노인,835
"2015","남부","용인시","계",일반,17977
"2015","남부","용인시","65~79세",합계,16307
"2015","남부","용인시","65~79세",국민기초생활보장 수급권자,1552
"2015","남부","용인시","65~79세",저소득노인,503
"2015","남부","용인시","65~79세",일반,14252
"2015","남부","용인시","80세 이상",합계,4869
"2015","남부","용인시","80세 이상",국민기초생활보장 수급권자,812
"2015","남부","용인시","80세 이상",저소득노인,332
"2015","남부","용인시","80세 이상",일반,3725
"2015","남부","이천시","계",합계,4323
"2015","남부","이천시","계",국민기초생활보장 수급권자,952
"2015","남부","이천시","계",저소득노인,755
"2015","남부","이천시","계",일반,2616
"2015","남부","이천시","65~79세",합계,3269
"2015","남부","이천시","65~79세",국민기초생활보장 수급권자,614
"2015","남부","이천시","65~79세",저소득노인,437
"2015","남부","이천시","65~79세",일반,2218
"2015","남부","이천시","80세 이상",합계,1054
"2015","남부","이천시","80세 이상",국민기초생활보장 수급권자,338
"2015","남부","이천시","80세 이상",저소득노인,318
"2015","남부","이천시","80세 이상",일반,398
"2015","남부","안성시","계",합계,6419
"2015","남부","안성시","계",국민기초생활보장 수급권자,1332
"2015","남부","안성시","계",저소득노인,82
"2015","남부","안성시","계",일반,5005
"2015","남부","안성시","65~79세",합계,4741
"2015","남부","안성시","65~79세",국민기초생활보장 수급권자,823
"2015","남부","안성시","65~79세",저소득노인,37
"2015","남부","안성시","65~79세",일반,3881
"2015","남부","안성시","80세 이상",합계,1678
"2015","남부","안성시","80세 이상",국민기초생활보장 수급권자,509
"2015","남부","안성시","80세 이상",저소득노인,45
"2015","남부","안성시","80세 이상",일반,1124
"2015","남부","김포시","계",합계,8008
"2015","남부","김포시","계",국민기초생활보장 수급권자,1277
"2015","남부","김포시","계",저소득노인,178
"2015","남부","김포시","계",일반,6553
"2015","남부","김포시","65~79세",합계,6086
"2015","남부","김포시","65~79세",국민기초생활보장 수급권자,937
"2015","남부","김포시","65~79세",저소득노인,126
"2015","남부","김포시","65~79세",일반,5023
"2015","남부","김포시","80세 이상",합계,1922
"2015","남부","김포시","80세 이상",국민기초생활보장 수급권자,340
"2015","남부","김포시","80세 이상",저소득노인,52
"2015","남부","김포시","80세 이상",일반,1530
"2015","남부","화성시","계",합계,10943
"2015","남부","화성시","계",국민기초생활보장 수급권자,1234
"2015","남부","화성시","계",저소득노인,458
"2015","남부","화성시","계",일반,9251
"2015","남부","화성시","65~79세",합계,8442
"2015","남부","화성시","65~79세",국민기초생활보장 수급권자,653
"2015","남부","화성시","65~79세",저소득노인,201
"2015","남부","화성시","65~79세",일반,7588
"2015","남부","화성시","80세 이상",합계,2501
"2015","남부","화성시","80세 이상",국민기초생활보장 수급권자,581
"2015","남부","화성시","80세 이상",저소득노인,257
"2015","남부","화성시","80세 이상",일반,1663
"2015","남부","광주시","계",합계,6960
"2015","남부","광주시","계",국민기초생활보장 수급권자,882
"2015","남부","광주시","계",저소득노인,702
"2015","남부","광주시","계",일반,5376
"2015","남부","광주시","65~79세",합계,5590
"2015","남부","광주시","65~79세",국민기초생활보장 수급권자,553
"2015","남부","광주시","65~79세",저소득노인,423
"2015","남부","광주시","65~79세",일반,4614
"2015","남부","광주시","80세 이상",합계,1370
"2015","남부","광주시","80세 이상",국민기초생활보장 수급권자,329
"2015","남부","광주시","80세 이상",저소득노인,279
"2015","남부","광주시","80세 이상",일반,762
"2015","남부","여주시","계",합계,5340
"2015","남부","여주시","계",국민기초생활보장 수급권자,994
"2015","남부","여주시","계",저소득노인,674
"2015","남부","여주시","계",일반,3672
"2015","남부","여주시","65~79세",합계,3335
"2015","남부","여주시","65~79세",국민기초생활보장 수급권자,656
"2015","남부","여주시","65~79세",저소득노인,313
"2015","남부","여주시","65~79세",일반,2366
"2015","남부","여주시","80세 이상",합계,2005
"2015","남부","여주시","80세 이상",국민기초생활보장 수급권자,338
"2015","남부","여주시","80세 이상",저소득노인,361
"2015","남부","여주시","80세 이상",일반,1306
"2015","남부","양평군","계",합계,3372
"2015","남부","양평군","계",국민기초생활보장 수급권자,766
"2015","남부","양평군","계",저소득노인,433
"2015","남부","양평군","계",일반,2173
"2015","남부","양평군","65~79세",합계,2093
"2015","남부","양평군","65~79세",국민기초생활보장 수급권자,461
"2015","남부","양평군","65~79세",저소득노인,194
"2015","남부","양평군","65~79세",일반,1438
"2015","남부","양평군","80세 이상",합계,1279
"2015","남부","양평군","80세 이상",국민기초생활보장 수급권자,305
"2015","남부","양평군","80세 이상",저소득노인,239
"2015","남부","양평군","80세 이상",일반,735
"2015","북부","소계","계",합계,96077
"2015","북부","소계","계",국민기초생활보장 수급권자,18279
"2015","북부","소계","계",저소득노인,4156
"2015","북부","소계","계",일반,73642
"2015","북부","소계","65~79세",합계,67687
"2015","북부","소계","65~79세",국민기초생활보장 수급권자,11961
"2015","북부","소계","65~79세",저소득노인,2591
"2015","북부","소계","65~79세",일반,53135
"2015","북부","소계","80세 이상",합계,28390
"2015","북부","소계","80세 이상",국민기초생활보장 수급권자,6318
"2015","북부","소계","80세 이상",저소득노인,1565
"2015","북부","소계","80세 이상",일반,20507
"2015","북부","의정부시","계",합계,12627
"2015","북부","의정부시","계",국민기초생활보장 수급권자,2264
"2015","북부","의정부시","계",저소득노인,545
"2015","북부","의정부시","계",일반,9818
"2015","북부","의정부시","65~79세",합계,8969
"2015","북부","의정부시","65~79세",국민기초생활보장 수급권자,1383
"2015","북부","의정부시","65~79세",저소득노인,311
"2015","북부","의정부시","65~79세",일반,7275
"2015","북부","의정부시","80세 이상",합계,3658
"2015","북부","의정부시","80세 이상",국민기초생활보장 수급권자,881
"2015","북부","의정부시","80세 이상",저소득노인,234
"2015","북부","의정부시","80세 이상",일반,2543
"2015","북부","동두천시","계",합계,4412
"2015","북부","동두천시","계",국민기초생활보장 수급권자,1486
"2015","북부","동두천시","계",저소득노인,297
"2015","북부","동두천시","계",일반,2629
"2015","북부","동두천시","65~79세",합계,3242
"2015","북부","동두천시","65~79세",국민기초생활보장 수급권자,1056
"2015","북부","동두천시","65~79세",저소득노인,215
"2015","북부","동두천시","65~79세",일반,1971
"2015","북부","동두천시","80세 이상",합계,1170
"2015","북부","동두천시","80세 이상",국민기초생활보장 수급권자,430
"2015","북부","동두천시","80세 이상",저소득노인,82
"2015","북부","동두천시","80세 이상",일반,658
"2015","북부","고양시","계",합계,24031
"2015","북부","고양시","계",국민기초생활보장 수급권자,3705
"2015","북부","고양시","계",저소득노인,1214
"2015","북부","고양시","계",일반,19112
"2015","북부","고양시","65~79세",합계,18719
"2015","북부","고양시","65~79세",국민기초생활보장 수급권자,2593
"2015","북부","고양시","65~79세",저소득노인,837
"2015","북부","고양시","65~79세",일반,15289
"2015","북부","고양시","80세 이상",합계,5312
"2015","북부","고양시","80세 이상",국민기초생활보장 수급권자,1112
"2015","북부","고양시","80세 이상",저소득노인,377
"2015","북부","고양시","80세 이상",일반,3823
"2015","북부","구리시","계",합계,4277
"2015","북부","구리시","계",국민기초생활보장 수급권자,1253
"2015","북부","구리시","계",저소득노인,163
"2015","북부","구리시","계",일반,2861
"2015","북부","구리시","65~79세",합계,1362
"2015","북부","구리시","65~79세",국민기초생활보장 수급권자,433
"2015","북부","구리시","65~79세",저소득노인,42
"2015","북부","구리시","65~79세",일반,887
"2015","북부","구리시","80세 이상",합계,2915
"2015","북부","구리시","80세 이상",국민기초생활보장 수급권자,820
"2015","북부","구리시","80세 이상",저소득노인,121
"2015","북부","구리시","80세 이상",일반,1974
"2015","북부","남양주시","계",합계,16400
"2015","북부","남양주시","계",국민기초생활보장 수급권자,2688
"2015","북부","남양주시","계",저소득노인,420
"2015","북부","남양주시","계",일반,13292
"2015","북부","남양주시","65~79세",합계,12431
"2015","북부","남양주시","65~79세",국민기초생활보장 수급권자,1719
"2015","북부","남양주시","65~79세",저소득노인,265
"2015","북부","남양주시","65~79세",일반,10447
"2015","북부","남양주시","80세 이상",합계,3969
"2015","북부","남양주시","80세 이상",국민기초생활보장 수급권자,969
"2015","북부","남양주시","80세 이상",저소득노인,155
"2015","북부","남양주시","80세 이상",일반,2845
"2015","북부","파주시","계",합계,14834
"2015","북부","파주시","계",국민기초생활보장 수급권자,1785
"2015","북부","파주시","계",저소득노인,560
"2015","북부","파주시","계",일반,12489
"2015","북부","파주시","65~79세",합계,9060
"2015","북부","파주시","65~79세",국민기초생활보장 수급권자,1250
"2015","북부","파주시","65~79세",저소득노인,338
"2015","북부","파주시","65~79세",일반,7472
"2015","북부","파주시","80세 이상",합계,5774
"2015","북부","파주시","80세 이상",국민기초생활보장 수급권자,535
"2015","북부","파주시","80세 이상",저소득노인,222
"2015","북부","파주시","80세 이상",일반,5017
"2015","북부","양주시","계",합계,5721
"2015","북부","양주시","계",국민기초생활보장 수급권자,1849
"2015","북부","양주시","계",저소득노인,203
"2015","북부","양주시","계",일반,3669
"2015","북부","양주시","65~79세",합계,3878
"2015","북부","양주시","65~79세",국민기초생활보장 수급권자,1293
"2015","북부","양주시","65~79세",저소득노인,139
"2015","북부","양주시","65~79세",일반,2446
"2015","북부","양주시","80세 이상",합계,1843
"2015","북부","양주시","80세 이상",국민기초생활보장 수급권자,556
"2015","북부","양주시","80세 이상",저소득노인,64
"2015","북부","양주시","80세 이상",일반,1223
"2015","북부","포천시","계",합계,6495
"2015","북부","포천시","계",국민기초생활보장 수급권자,1098
"2015","북부","포천시","계",저소득노인,357
"2015","북부","포천시","계",일반,5040
"2015","북부","포천시","65~79세",합계,5023
"2015","북부","포천시","65~79세",국민기초생활보장 수급권자,820
"2015","북부","포천시","65~79세",저소득노인,198
"2015","북부","포천시","65~79세",일반,4005
"2015","북부","포천시","80세 이상",합계,1472
"2015","북부","포천시","80세 이상",국민기초생활보장 수급권자,278
"2015","북부","포천시","80세 이상",저소득노인,159
"2015","북부","포천시","80세 이상",일반,1035
"2015","북부","연천군","계",합계,3359
"2015","북부","연천군","계",국민기초생활보장 수급권자,741
"2015","북부","연천군","계",저소득노인,54
"2015","북부","연천군","계",일반,2564
"2015","북부","연천군","65~79세",합계,2259
"2015","북부","연천군","65~79세",국민기초생활보장 수급권자,442
"2015","북부","연천군","65~79세",저소득노인,25
"2015","북부","연천군","65~79세",일반,1792
"2015","북부","연천군","80세 이상",합계,1100
"2015","북부","연천군","80세 이상",국민기초생활보장 수급권자,299
"2015","북부","연천군","80세 이상",저소득노인,29
"2015","북부","연천군","80세 이상",일반,772
"2015","북부","가평군","계",합계,3921
"2015","북부","가평군","계",국민기초생활보장 수급권자,1410
"2015","북부","가평군","계",저소득노인,343
"2015","북부","가평군","계",일반,2168
"2015","북부","가평군","65~79세",합계,2744
"2015","북부","가평군","65~79세",국민기초생활보장 수급권자,972
"2015","북부","가평군","65~79세",저소득노인,221
"2015","북부","가평군","65~79세",일반,1551
"2015","북부","가평군","80세 이상",합계,1177
"2015","북부","가평군","80세 이상",국민기초생활보장 수급권자,438
"2015","북부","가평군","80세 이상",저소득노인,122
"2015","북부","가평군","80세 이상",일반,617
"2016","합계","소계","계",합계,317698
"2016","합계","소계","계",국민기초생활보장 수급권자,57045
"2016","합계","소계","계",저소득노인,17292
"2016","합계","소계","계",일반,243361
"2016","합계","소계","65~79세",합계,223429
"2016","합계","소계","65~79세",국민기초생활보장 수급권자,39500
"2016","합계","소계","65~79세",저소득노인,10109
"2016","합계","소계","65~79세",일반,173820
"2016","합계","소계","80세 이상",합계,94269
"2016","합계","소계","80세 이상",국민기초생활보장 수급권자,17545
"2016","합계","소계","80세 이상",저소득노인,7183
"2016","합계","소계","80세 이상",일반,69541
"2016","남부","소계","계",합계,218146
"2016","남부","소계","계",국민기초생활보장 수급권자,34801
"2016","남부","소계","계",저소득노인,11611
"2016","남부","소계","계",일반,171734
"2016","남부","소계","65~79세",합계,149965
"2016","남부","소계","65~79세",국민기초생활보장 수급권자,23953
"2016","남부","소계","65~79세",저소득노인,6596
"2016","남부","소계","65~79세",일반,119416
"2016","남부","소계","80세 이상",합계,68181
"2016","남부","소계","80세 이상",국민기초생활보장 수급권자,10848
"2016","남부","소계","80세 이상",저소득노인,5015
"2016","남부","소계","80세 이상",일반,52318
"2016","남부","수원시","계",합계,24578
"2016","남부","수원시","계",국민기초생활보장 수급권자,6500
"2016","남부","수원시","계",저소득노인,1886
"2016","남부","수원시","계",일반,16192
"2016","남부","수원시","65~79세",합계,17680
"2016","남부","수원시","65~79세",국민기초생활보장 수급권자,4910
"2016","남부","수원시","65~79세",저소득노인,1112
"2016","남부","수원시","65~79세",일반,11658
"2016","남부","수원시","80세 이상",합계,6898
"2016","남부","수원시","80세 이상",국민기초생활보장 수급권자,1590
"2016","남부","수원시","80세 이상",저소득노인,774
"2016","남부","수원시","80세 이상",일반,4534
"2016","남부","성남시","계",합계,26370
"2016","남부","성남시","계",국민기초생활보장 수급권자,4549
"2016","남부","성남시","계",저소득노인,1478
"2016","남부","성남시","계",일반,20343
"2016","남부","성남시","65~79세",합계,17625
"2016","남부","성남시","65~79세",국민기초생활보장 수급권자,2968
"2016","남부","성남시","65~79세",저소득노인,873
"2016","남부","성남시","65~79세",일반,13784
"2016","남부","성남시","80세 이상",합계,8745
"2016","남부","성남시","80세 이상",국민기초생활보장 수급권자,1581
"2016","남부","성남시","80세 이상",저소득노인,605
"2016","남부","성남시","80세 이상",일반,6559
"2016","남부","안양시","계",합계,12942
"2016","남부","안양시","계",국민기초생활보장 수급권자,1812
"2016","남부","안양시","계",저소득노인,699
"2016","남부","안양시","계",일반,10431
"2016","남부","안양시","65~79세",합계,10298
"2016","남부","안양시","65~79세",국민기초생활보장 수급권자,1323
"2016","남부","안양시","65~79세",저소득노인,421
"2016","남부","안양시","65~79세",일반,8554
"2016","남부","안양시","80세 이상",합계,2644
"2016","남부","안양시","80세 이상",국민기초생활보장 수급권자,489
"2016","남부","안양시","80세 이상",저소득노인,278
"2016","남부","안양시","80세 이상",일반,1877
"2016","남부","부천시","계",합계,19606
"2016","남부","부천시","계",국민기초생활보장 수급권자,603
"2016","남부","부천시","계",저소득노인,93
"2016","남부","부천시","계",일반,18910
"2016","남부","부천시","65~79세",합계,8020
"2016","남부","부천시","65~79세",국민기초생활보장 수급권자,386
"2016","남부","부천시","65~79세",저소득노인,62
"2016","남부","부천시","65~79세",일반,7572
"2016","남부","부천시","80세 이상",합계,11586
"2016","남부","부천시","80세 이상",국민기초생활보장 수급권자,217
"2016","남부","부천시","80세 이상",저소득노인,31
"2016","남부","부천시","80세 이상",일반,11338
"2016","남부","광명시","계",합계,8489
"2016","남부","광명시","계",국민기초생활보장 수급권자,1337
"2016","남부","광명시","계",저소득노인,538
"2016","남부","광명시","계",일반,6614
"2016","남부","광명시","65~79세",합계,6908
"2016","남부","광명시","65~79세",국민기초생활보장 수급권자,923
"2016","남부","광명시","65~79세",저소득노인,329
"2016","남부","광명시","65~79세",일반,5656
"2016","남부","광명시","80세 이상",합계,1581
"2016","남부","광명시","80세 이상",국민기초생활보장 수급권자,414
"2016","남부","광명시","80세 이상",저소득노인,209
"2016","남부","광명시","80세 이상",일반,958
"2016","남부","평택시","계",합계,14367
"2016","남부","평택시","계",국민기초생활보장 수급권자,2223
"2016","남부","평택시","계",저소득노인,737
"2016","남부","평택시","계",일반,11407
"2016","남부","평택시","65~79세",합계,9972
"2016","남부","평택시","65~79세",국민기초생활보장 수급권자,1554
"2016","남부","평택시","65~79세",저소득노인,417
"2016","남부","평택시","65~79세",일반,8001
"2016","남부","평택시","80세 이상",합계,4395
"2016","남부","평택시","80세 이상",국민기초생활보장 수급권자,669
"2016","남부","평택시","80세 이상",저소득노인,320
"2016","남부","평택시","80세 이상",일반,3406
"2016","남부","안산시","계",합계,15018
"2016","남부","안산시","계",국민기초생활보장 수급권자,3042
"2016","남부","안산시","계",저소득노인,1147
"2016","남부","안산시","계",일반,10829
"2016","남부","안산시","65~79세",합계,10484
"2016","남부","안산시","65~79세",국민기초생활보장 수급권자,2231
"2016","남부","안산시","65~79세",저소득노인,673
"2016","남부","안산시","65~79세",일반,7580
"2016","남부","안산시","80세 이상",합계,4534
"2016","남부","안산시","80세 이상",국민기초생활보장 수급권자,811
"2016","남부","안산시","80세 이상",저소득노인,474
"2016","남부","안산시","80세 이상",일반,3249
"2016","남부","과천시","계",합계,1672
"2016","남부","과천시","계",국민기초생활보장 수급권자,246
"2016","남부","과천시","계",저소득노인,79
"2016","남부","과천시","계",일반,1347
"2016","남부","과천시","65~79세",합계,1091
"2016","남부","과천시","65~79세",국민기초생활보장 수급권자,146
"2016","남부","과천시","65~79세",저소득노인,39
"2016","남부","과천시","65~79세",일반,906
"2016","남부","과천시","80세 이상",합계,581
"2016","남부","과천시","80세 이상",국민기초생활보장 수급권자,100
"2016","남부","과천시","80세 이상",저소득노인,40
"2016","남부","과천시","80세 이상",일반,441
"2016","남부","오산시","계",합계,3396
"2016","남부","오산시","계",국민기초생활보장 수급권자,554
"2016","남부","오산시","계",저소득노인,231
"2016","남부","오산시","계",일반,2611
"2016","남부","오산시","65~79세",합계,2699
"2016","남부","오산시","65~79세",국민기초생활보장 수급권자,394
"2016","남부","오산시","65~79세",저소득노인,144
"2016","남부","오산시","65~79세",일반,2161
"2016","남부","오산시","80세 이상",합계,697
"2016","남부","오산시","80세 이상",국민기초생활보장 수급권자,160
"2016","남부","오산시","80세 이상",저소득노인,87
"2016","남부","오산시","80세 이상",일반,450
"2016","남부","시흥시","계",합계,7579
"2016","남부","시흥시","계",국민기초생활보장 수급권자,1924
"2016","남부","시흥시","계",저소득노인,184
"2016","남부","시흥시","계",일반,5471
"2016","남부","시흥시","65~79세",합계,4983
"2016","남부","시흥시","65~79세",국민기초생활보장 수급권자,1415
"2016","남부","시흥시","65~79세",저소득노인,104
"2016","남부","시흥시","65~79세",일반,3464
"2016","남부","시흥시","80세 이상",합계,2596
"2016","남부","시흥시","80세 이상",국민기초생활보장 수급권자,509
"2016","남부","시흥시","80세 이상",저소득노인,80
"2016","남부","시흥시","80세 이상",일반,2007
"2016","남부","군포시","계",합계,6413
"2016","남부","군포시","계",국민기초생활보장 수급권자,984
"2016","남부","군포시","계",저소득노인,361
"2016","남부","군포시","계",일반,5068
"2016","남부","군포시","65~79세",합계,4349
"2016","남부","군포시","65~79세",국민기초생활보장 수급권자,663
"2016","남부","군포시","65~79세",저소득노인,182
"2016","남부","군포시","65~79세",일반,3504
"2016","남부","군포시","80세 이상",합계,2064
"2016","남부","군포시","80세 이상",국민기초생활보장 수급권자,321
"2016","남부","군포시","80세 이상",저소득노인,179
"2016","남부","군포시","80세 이상",일반,1564
"2016","남부","의왕시","계",합계,3553
"2016","남부","의왕시","계",국민기초생활보장 수급권자,620
"2016","남부","의왕시","계",저소득노인,406
"2016","남부","의왕시","계",일반,2527
"2016","남부","의왕시","65~79세",합계,2298
"2016","남부","의왕시","65~79세",국민기초생활보장 수급권자,403
"2016","남부","의왕시","65~79세",저소득노인,252
"2016","남부","의왕시","65~79세",일반,1643
"2016","남부","의왕시","80세 이상",합계,1255
"2016","남부","의왕시","80세 이상",국민기초생활보장 수급권자,217
"2016","남부","의왕시","80세 이상",저소득노인,154
"2016","남부","의왕시","80세 이상",일반,884
"2016","남부","하남시","계",합계,4973
"2016","남부","하남시","계",국민기초생활보장 수급권자,640
"2016","남부","하남시","계",저소득노인,296
"2016","남부","하남시","계",일반,4037
"2016","남부","하남시","65~79세",합계,3449
"2016","남부","하남시","65~79세",국민기초생활보장 수급권자,462
"2016","남부","하남시","65~79세",저소득노인,161
"2016","남부","하남시","65~79세",일반,2826
"2016","남부","하남시","80세 이상",합계,1524
"2016","남부","하남시","80세 이상",국민기초생활보장 수급권자,178
"2016","남부","하남시","80세 이상",저소득노인,135
"2016","남부","하남시","80세 이상",일반,1211
"2016","남부","용인시","계",합계,18995
"2016","남부","용인시","계",국민기초생활보장 수급권자,1819
"2016","남부","용인시","계",저소득노인,928
"2016","남부","용인시","계",일반,16248
"2016","남부","용인시","65~79세",합계,14227
"2016","남부","용인시","65~79세",국민기초생활보장 수급권자,1143
"2016","남부","용인시","65~79세",저소득노인,520
"2016","남부","용인시","65~79세",일반,12564
"2016","남부","용인시","80세 이상",합계,4768
"2016","남부","용인시","80세 이상",국민기초생활보장 수급권자,676
"2016","남부","용인시","80세 이상",저소득노인,408
"2016","남부","용인시","80세 이상",일반,3684
"2016","남부","이천시","계",합계,5957
"2016","남부","이천시","계",국민기초생활보장 수급권자,903
"2016","남부","이천시","계",저소득노인,320
"2016","남부","이천시","계",일반,4734
"2016","남부","이천시","65~79세",합계,4392
"2016","남부","이천시","65~79세",국민기초생활보장 수급권자,590
"2016","남부","이천시","65~79세",저소득노인,164
"2016","남부","이천시","65~79세",일반,3638
"2016","남부","이천시","80세 이상",합계,1565
"2016","남부","이천시","80세 이상",국민기초생활보장 수급권자,313
"2016","남부","이천시","80세 이상",저소득노인,156
"2016","남부","이천시","80세 이상",일반,1096
"2016","남부","안성시","계",합계,6672
"2016","남부","안성시","계",국민기초생활보장 수급권자,1363
"2016","남부","안성시","계",저소득노인,120
"2016","남부","안성시","계",일반,5189
"2016","남부","안성시","65~79세",합계,4730
"2016","남부","안성시","65~79세",국민기초생활보장 수급권자,853
"2016","남부","안성시","65~79세",저소득노인,51
"2016","남부","안성시","65~79세",일반,3826
"2016","남부","안성시","80세 이상",합계,1942
"2016","남부","안성시","80세 이상",국민기초생활보장 수급권자,510
"2016","남부","안성시","80세 이상",저소득노인,69
"2016","남부","안성시","80세 이상",일반,1363
"2016","남부","김포시","계",합계,7677
"2016","남부","김포시","계",국민기초생활보장 수급권자,1707
"2016","남부","김포시","계",저소득노인,209
"2016","남부","김포시","계",일반,5761
"2016","남부","김포시","65~79세",합계,5898
"2016","남부","김포시","65~79세",국민기초생활보장 수급권자,1238
"2016","남부","김포시","65~79세",저소득노인,148
"2016","남부","김포시","65~79세",일반,4512
"2016","남부","김포시","80세 이상",합계,1779
"2016","남부","김포시","80세 이상",국민기초생활보장 수급권자,469
"2016","남부","김포시","80세 이상",저소득노인,61
"2016","남부","김포시","80세 이상",일반,1249
"2016","남부","화성시","계",합계,11070
"2016","남부","화성시","계",국민기초생활보장 수급권자,1274
"2016","남부","화성시","계",저소득노인,498
"2016","남부","화성시","계",일반,9298
"2016","남부","화성시","65~79세",합계,8469
"2016","남부","화성시","65~79세",국민기초생활보장 수급권자,673
"2016","남부","화성시","65~79세",저소득노인,223
"2016","남부","화성시","65~79세",일반,7573
"2016","남부","화성시","80세 이상",합계,2601
"2016","남부","화성시","80세 이상",국민기초생활보장 수급권자,601
"2016","남부","화성시","80세 이상",저소득노인,275
"2016","남부","화성시","80세 이상",일반,1725
"2016","남부","광주시","계",합계,7152
"2016","남부","광주시","계",국민기초생활보장 수급권자,969
"2016","남부","광주시","계",저소득노인,496
"2016","남부","광주시","계",일반,5687
"2016","남부","광주시","65~79세",합계,5788
"2016","남부","광주시","65~79세",국민기초생활보장 수급권자,600
"2016","남부","광주시","65~79세",저소득노인,270
"2016","남부","광주시","65~79세",일반,4918
"2016","남부","광주시","80세 이상",합계,1364
"2016","남부","광주시","80세 이상",국민기초생활보장 수급권자,369
"2016","남부","광주시","80세 이상",저소득노인,226
"2016","남부","광주시","80세 이상",일반,769
"2016","남부","여주시","계",합계,5418
"2016","남부","여주시","계",국민기초생활보장 수급권자,869
"2016","남부","여주시","계",저소득노인,517
"2016","남부","여주시","계",일반,4032
"2016","남부","여주시","65~79세",합계,2409
"2016","남부","여주시","65~79세",국민기초생활보장 수급권자,576
"2016","남부","여주시","65~79세",저소득노인,293
"2016","남부","여주시","65~79세",일반,1540
"2016","남부","여주시","80세 이상",합계,3009
"2016","남부","여주시","80세 이상",국민기초생활보장 수급권자,293
"2016","남부","여주시","80세 이상",저소득노인,224
"2016","남부","여주시","80세 이상",일반,2492
"2016","남부","양평군","계",합계,6249
"2016","남부","양평군","계",국민기초생활보장 수급권자,863
"2016","남부","양평군","계",저소득노인,388
"2016","남부","양평군","계",일반,4998
"2016","남부","양평군","65~79세",합계,4196
"2016","남부","양평군","65~79세",국민기초생활보장 수급권자,502
"2016","남부","양평군","65~79세",저소득노인,158
"2016","남부","양평군","65~79세",일반,3536
"2016","남부","양평군","80세 이상",합계,2053
"2016","남부","양평군","80세 이상",국민기초생활보장 수급권자,361
"2016","남부","양평군","80세 이상",저소득노인,230
"2016","남부","양평군","80세 이상",일반,1462
"2016","북부","소계","계",합계,99552
"2016","북부","소계","계",국민기초생활보장 수급권자,22244
"2016","북부","소계","계",저소득노인,5681
"2016","북부","소계","계",일반,71627
"2016","북부","소계","65~79세",합계,73464
"2016","북부","소계","65~79세",국민기초생활보장 수급권자,15547
"2016","북부","소계","65~79세",저소득노인,3513
"2016","북부","소계","65~79세",일반,54404
"2016","북부","소계","80세 이상",합계,26088
"2016","북부","소계","80세 이상",국민기초생활보장 수급권자,6697
"2016","북부","소계","80세 이상",저소득노인,2168
"2016","북부","소계","80세 이상",일반,17223
"2016","북부","의정부시","계",합계,13313
"2016","북부","의정부시","계",국민기초생활보장 수급권자,2782
"2016","북부","의정부시","계",저소득노인,1036
"2016","북부","의정부시","계",일반,9495
"2016","북부","의정부시","65~79세",합계,10079
"2016","북부","의정부시","65~79세",국민기초생활보장 수급권자,1985
"2016","북부","의정부시","65~79세",저소득노인,666
"2016","북부","의정부시","65~79세",일반,7428
"2016","북부","의정부시","80세 이상",합계,3234
"2016","북부","의정부시","80세 이상",국민기초생활보장 수급권자,797
"2016","북부","의정부시","80세 이상",저소득노인,370
"2016","북부","의정부시","80세 이상",일반,2067
"2016","북부","동두천시","계",합계,4601
"2016","북부","동두천시","계",국민기초생활보장 수급권자,1585
"2016","북부","동두천시","계",저소득노인,348
"2016","북부","동두천시","계",일반,2668
"2016","북부","동두천시","65~79세",합계,3351
"2016","북부","동두천시","65~79세",국민기초생활보장 수급권자,1120
"2016","북부","동두천시","65~79세",저소득노인,239
"2016","북부","동두천시","65~79세",일반,1992
"2016","북부","동두천시","80세 이상",합계,1250
"2016","북부","동두천시","80세 이상",국민기초생활보장 수급권자,465
"2016","북부","동두천시","80세 이상",저소득노인,109
"2016","북부","동두천시","80세 이상",일반,676
"2016","북부","고양시","계",합계,26259
"2016","북부","고양시","계",국민기초생활보장 수급권자,5584
"2016","북부","고양시","계",저소득노인,1994
"2016","북부","고양시","계",일반,18681
"2016","북부","고양시","65~79세",합계,18883
"2016","북부","고양시","65~79세",국민기초생활보장 수급권자,3728
"2016","북부","고양시","65~79세",저소득노인,1158
"2016","북부","고양시","65~79세",일반,13997
"2016","북부","고양시","80세 이상",합계,7376
"2016","북부","고양시","80세 이상",국민기초생활보장 수급권자,1856
"2016","북부","고양시","80세 이상",저소득노인,836
"2016","북부","고양시","80세 이상",일반,4684
"2016","북부","구리시","계",합계,4510
"2016","북부","구리시","계",국민기초생활보장 수급권자,1335
"2016","북부","구리시","계",저소득노인,211
"2016","북부","구리시","계",일반,2964
"2016","북부","구리시","65~79세",합계,3574
"2016","북부","구리시","65~79세",국민기초생활보장 수급권자,947
"2016","북부","구리시","65~79세",저소득노인,138
"2016","북부","구리시","65~79세",일반,2489
"2016","북부","구리시","80세 이상",합계,936
"2016","북부","구리시","80세 이상",국민기초생활보장 수급권자,388
"2016","북부","구리시","80세 이상",저소득노인,73
"2016","북부","구리시","80세 이상",일반,475
"2016","북부","남양주시","계",합계,16595
"2016","북부","남양주시","계",국민기초생활보장 수급권자,3807
"2016","북부","남양주시","계",저소득노인,942
"2016","북부","남양주시","계",일반,11846
"2016","북부","남양주시","65~79세",합계,12674
"2016","북부","남양주시","65~79세",국민기초생활보장 수급권자,2666
"2016","북부","남양주시","65~79세",저소득노인,669
"2016","북부","남양주시","65~79세",일반,9339
"2016","북부","남양주시","80세 이상",합계,3921
"2016","북부","남양주시","80세 이상",국민기초생활보장 수급권자,1141
"2016","북부","남양주시","80세 이상",저소득노인,273
"2016","북부","남양주시","80세 이상",일반,2507
"2016","북부","파주시","계",합계,14221
"2016","북부","파주시","계",국민기초생활보장 수급권자,2023
"2016","북부","파주시","계",저소득노인,273
"2016","북부","파주시","계",일반,11925
"2016","북부","파주시","65~79세",합계,10648
"2016","북부","파주시","65~79세",국민기초생활보장 수급권자,1423
"2016","북부","파주시","65~79세",저소득노인,162
"2016","북부","파주시","65~79세",일반,9063
"2016","북부","파주시","80세 이상",합계,3573
"2016","북부","파주시","80세 이상",국민기초생활보장 수급권자,600
"2016","북부","파주시","80세 이상",저소득노인,111
"2016","북부","파주시","80세 이상",일반,2862
"2016","북부","양주시","계",합계,5757
"2016","북부","양주시","계",국민기초생활보장 수급권자,1861
"2016","북부","양주시","계",저소득노인,204
"2016","북부","양주시","계",일반,3692
"2016","북부","양주시","65~79세",합계,4383
"2016","북부","양주시","65~79세",국민기초생활보장 수급권자,1417
"2016","북부","양주시","65~79세",저소득노인,155
"2016","북부","양주시","65~79세",일반,2811
"2016","북부","양주시","80세 이상",합계,1374
"2016","북부","양주시","80세 이상",국민기초생활보장 수급권자,444
"2016","북부","양주시","80세 이상",저소득노인,49
"2016","북부","양주시","80세 이상",일반,881
"2016","북부","포천시","계",합계,7025
"2016","북부","포천시","계",국민기초생활보장 수급권자,1122
"2016","북부","포천시","계",저소득노인,376
"2016","북부","포천시","계",일반,5527
"2016","북부","포천시","65~79세",합계,5304
"2016","북부","포천시","65~79세",국민기초생활보장 수급권자,835
"2016","북부","포천시","65~79세",저소득노인,201
"2016","북부","포천시","65~79세",일반,4268
"2016","북부","포천시","80세 이상",합계,1721
"2016","북부","포천시","80세 이상",국민기초생활보장 수급권자,287
"2016","북부","포천시","80세 이상",저소득노인,175
"2016","북부","포천시","80세 이상",일반,1259
"2016","북부","연천군","계",합계,3132
"2016","북부","연천군","계",국민기초생활보장 수급권자,705
"2016","북부","연천군","계",저소득노인,65
"2016","북부","연천군","계",일반,2362
"2016","북부","연천군","65~79세",합계,1917
"2016","북부","연천군","65~79세",국민기초생활보장 수급권자,422
"2016","북부","연천군","65~79세",저소득노인,27
"2016","북부","연천군","65~79세",일반,1468
"2016","북부","연천군","80세 이상",합계,1215
"2016","북부","연천군","80세 이상",국민기초생활보장 수급권자,283
"2016","북부","연천군","80세 이상",저소득노인,38
"2016","북부","연천군","80세 이상",일반,894
"2016","북부","가평군","계",합계,4139
"2016","북부","가평군","계",국민기초생활보장 수급권자,1440
"2016","북부","가평군","계",저소득노인,232
"2016","북부","가평군","계",일반,2467
"2016","북부","가평군","65~79세",합계,2651
"2016","북부","가평군","65~79세",국민기초생활보장 수급권자,1004
"2016","북부","가평군","65~79세",저소득노인,98
"2016","북부","가평군","65~79세",일반,1549
"2016","북부","가평군","80세 이상",합계,1488
"2016","북부","가평군","80세 이상",국민기초생활보장 수급권자,436
"2016","북부","가평군","80세 이상",저소득노인,134
"2016","북부","가평군","80세 이상",일반,918
"2017","합계","소계","계",합계,338205
"2017","합계","소계","계",국민기초생활보장 수급권자,56881
"2017","합계","소계","계",저소득노인,20292
"2017","합계","소계","계",일반,261032
"2017","합계","소계","65~79세",합계,223996
"2017","합계","소계","65~79세",국민기초생활보장 수급권자,37752
"2017","합계","소계","65~79세",저소득노인,11369
"2017","합계","소계","65~79세",일반,174875
"2017","합계","소계","80세 이상",합계,114209
"2017","합계","소계","80세 이상",국민기초생활보장 수급권자,19129
"2017","합계","소계","80세 이상",저소득노인,8923
"2017","합계","소계","80세 이상",일반,86157
"2017","남부","소계","계",합계,234953
"2017","남부","소계","계",국민기초생활보장 수급권자,39339
"2017","남부","소계","계",저소득노인,12435
"2017","남부","소계","계",일반,183179
"2017","남부","소계","65~79세",합계,156548
"2017","남부","소계","65~79세",국민기초생활보장 수급권자,26825
"2017","남부","소계","65~79세",저소득노인,6781
"2017","남부","소계","65~79세",일반,122942
"2017","남부","소계","80세 이상",합계,78405
"2017","남부","소계","80세 이상",국민기초생활보장 수급권자,12514
"2017","남부","소계","80세 이상",저소득노인,5654
"2017","남부","소계","80세 이상",일반,60237
"2017","남부","수원시","계",합계,26711
"2017","남부","수원시","계",국민기초생활보장 수급권자,5614
"2017","남부","수원시","계",저소득노인,1391
"2017","남부","수원시","계",일반,19706
"2017","남부","수원시","65~79세",합계,19248
"2017","남부","수원시","65~79세",국민기초생활보장 수급권자,4239
"2017","남부","수원시","65~79세",저소득노인,821
"2017","남부","수원시","65~79세",일반,14188
"2017","남부","수원시","80세 이상",합계,7463
"2017","남부","수원시","80세 이상",국민기초생활보장 수급권자,1375
"2017","남부","수원시","80세 이상",저소득노인,570
"2017","남부","수원시","80세 이상",일반,5518
"2017","남부","성남시","계",합계,27527
"2017","남부","성남시","계",국민기초생활보장 수급권자,6556
"2017","남부","성남시","계",저소득노인,1649
"2017","남부","성남시","계",일반,19322
"2017","남부","성남시","65~79세",합계,8526
"2017","남부","성남시","65~79세",국민기초생활보장 수급권자,4101
"2017","남부","성남시","65~79세",저소득노인,937
"2017","남부","성남시","65~79세",일반,3488
"2017","남부","성남시","80세 이상",합계,19001
"2017","남부","성남시","80세 이상",국민기초생활보장 수급권자,2455
"2017","남부","성남시","80세 이상",저소득노인,712
"2017","남부","성남시","80세 이상",일반,15834
"2017","남부","안양시","계",합계,13445
"2017","남부","안양시","계",국민기초생활보장 수급권자,1606
"2017","남부","안양시","계",저소득노인,707
"2017","남부","안양시","계",일반,11132
"2017","남부","안양시","65~79세",합계,9795
"2017","남부","안양시","65~79세",국민기초생활보장 수급권자,1213
"2017","남부","안양시","65~79세",저소득노인,395
"2017","남부","안양시","65~79세",일반,8187
"2017","남부","안양시","80세 이상",합계,3650
"2017","남부","안양시","80세 이상",국민기초생활보장 수급권자,393
"2017","남부","안양시","80세 이상",저소득노인,312
"2017","남부","안양시","80세 이상",일반,2945
"2017","남부","부천시","계",합계,21143
"2017","남부","부천시","계",국민기초생활보장 수급권자,1758
"2017","남부","부천시","계",저소득노인,347
"2017","남부","부천시","계",일반,19038
"2017","남부","부천시","65~79세",합계,15240
"2017","남부","부천시","65~79세",국민기초생활보장 수급권자,1387
"2017","남부","부천시","65~79세",저소득노인,114
"2017","남부","부천시","65~79세",일반,13739
"2017","남부","부천시","80세 이상",합계,5903
"2017","남부","부천시","80세 이상",국민기초생활보장 수급권자,371
"2017","남부","부천시","80세 이상",저소득노인,233
"2017","남부","부천시","80세 이상",일반,5299
"2017","남부","광명시","계",합계,8957
"2017","남부","광명시","계",국민기초생활보장 수급권자,1930
"2017","남부","광명시","계",저소득노인,714
"2017","남부","광명시","계",일반,6313
"2017","남부","광명시","65~79세",합계,7028
"2017","남부","광명시","65~79세",국민기초생활보장 수급권자,1347
"2017","남부","광명시","65~79세",저소득노인,420
"2017","남부","광명시","65~79세",일반,5261
"2017","남부","광명시","80세 이상",합계,1929
"2017","남부","광명시","80세 이상",국민기초생활보장 수급권자,583
"2017","남부","광명시","80세 이상",저소득노인,294
"2017","남부","광명시","80세 이상",일반,1052
"2017","남부","평택시","계",합계,14695
"2017","남부","평택시","계",국민기초생활보장 수급권자,2370
"2017","남부","평택시","계",저소득노인,905
"2017","남부","평택시","계",일반,11420
"2017","남부","평택시","65~79세",합계,10806
"2017","남부","평택시","65~79세",국민기초생활보장 수급권자,1569
"2017","남부","평택시","65~79세",저소득노인,482
"2017","남부","평택시","65~79세",일반,8755
"2017","남부","평택시","80세 이상",합계,3889
"2017","남부","평택시","80세 이상",국민기초생활보장 수급권자,801
"2017","남부","평택시","80세 이상",저소득노인,423
"2017","남부","평택시","80세 이상",일반,2665
"2017","남부","안산시","계",합계,16538
"2017","남부","안산시","계",국민기초생활보장 수급권자,3547
"2017","남부","안산시","계",저소득노인,1508
"2017","남부","안산시","계",일반,11483
"2017","남부","안산시","65~79세",합계,11913
"2017","남부","안산시","65~79세",국민기초생활보장 수급권자,2337
"2017","남부","안산시","65~79세",저소득노인,861
"2017","남부","안산시","65~79세",일반,8715
"2017","남부","안산시","80세 이상",합계,4625
"2017","남부","안산시","80세 이상",국민기초생활보장 수급권자,1210
"2017","남부","안산시","80세 이상",저소득노인,647
"2017","남부","안산시","80세 이상",일반,2768
"2017","남부","과천시","계",합계,1484
"2017","남부","과천시","계",국민기초생활보장 수급권자,271
"2017","남부","과천시","계",저소득노인,84
"2017","남부","과천시","계",일반,1129
"2017","남부","과천시","65~79세",합계,1024
"2017","남부","과천시","65~79세",국민기초생활보장 수급권자,166
"2017","남부","과천시","65~79세",저소득노인,46
"2017","남부","과천시","65~79세",일반,812
"2017","남부","과천시","80세 이상",합계,460
"2017","남부","과천시","80세 이상",국민기초생활보장 수급권자,105
"2017","남부","과천시","80세 이상",저소득노인,38
"2017","남부","과천시","80세 이상",일반,317
"2017","남부","오산시","계",합계,4112
"2017","남부","오산시","계",국민기초생활보장 수급권자,619
"2017","남부","오산시","계",저소득노인,249
"2017","남부","오산시","계",일반,3244
"2017","남부","오산시","65~79세",합계,3223
"2017","남부","오산시","65~79세",국민기초생활보장 수급권자,454
"2017","남부","오산시","65~79세",저소득노인,163
"2017","남부","오산시","65~79세",일반,2606
"2017","남부","오산시","80세 이상",합계,889
"2017","남부","오산시","80세 이상",국민기초생활보장 수급권자,165
"2017","남부","오산시","80세 이상",저소득노인,86
"2017","남부","오산시","80세 이상",일반,638
"2017","남부","시흥시","계",합계,8051
"2017","남부","시흥시","계",국민기초생활보장 수급권자,2044
"2017","남부","시흥시","계",저소득노인,194
"2017","남부","시흥시","계",일반,5813
"2017","남부","시흥시","65~79세",합계,5881
"2017","남부","시흥시","65~79세",국민기초생활보장 수급권자,1552
"2017","남부","시흥시","65~79세",저소득노인,119
"2017","남부","시흥시","65~79세",일반,4210
"2017","남부","시흥시","80세 이상",합계,2170
"2017","남부","시흥시","80세 이상",국민기초생활보장 수급권자,492
"2017","남부","시흥시","80세 이상",저소득노인,75
"2017","남부","시흥시","80세 이상",일반,1603
"2017","남부","군포시","계",합계,6201
"2017","남부","군포시","계",국민기초생활보장 수급권자,1069
"2017","남부","군포시","계",저소득노인,449
"2017","남부","군포시","계",일반,4683
"2017","남부","군포시","65~79세",합계,4421
"2017","남부","군포시","65~79세",국민기초생활보장 수급권자,700
"2017","남부","군포시","65~79세",저소득노인,222
"2017","남부","군포시","65~79세",일반,3499
"2017","남부","군포시","80세 이상",합계,1780
"2017","남부","군포시","80세 이상",국민기초생활보장 수급권자,369
"2017","남부","군포시","80세 이상",저소득노인,227
"2017","남부","군포시","80세 이상",일반,1184
"2017","남부","의왕시","계",합계,3668
"2017","남부","의왕시","계",국민기초생활보장 수급권자,642
"2017","남부","의왕시","계",저소득노인,419
"2017","남부","의왕시","계",일반,2607
"2017","남부","의왕시","65~79세",합계,1039
"2017","남부","의왕시","65~79세",국민기초생활보장 수급권자,219
"2017","남부","의왕시","65~79세",저소득노인,149
"2017","남부","의왕시","65~79세",일반,671
"2017","남부","의왕시","80세 이상",합계,2629
"2017","남부","의왕시","80세 이상",국민기초생활보장 수급권자,423
"2017","남부","의왕시","80세 이상",저소득노인,270
"2017","남부","의왕시","80세 이상",일반,1936
"2017","남부","하남시","계",합계,5378
"2017","남부","하남시","계",국민기초생활보장 수급권자,688
"2017","남부","하남시","계",저소득노인,317
"2017","남부","하남시","계",일반,4373
"2017","남부","하남시","65~79세",합계,3727
"2017","남부","하남시","65~79세",국민기초생활보장 수급권자,495
"2017","남부","하남시","65~79세",저소득노인,171
"2017","남부","하남시","65~79세",일반,3061
"2017","남부","하남시","80세 이상",합계,1651
"2017","남부","하남시","80세 이상",국민기초생활보장 수급권자,193
"2017","남부","하남시","80세 이상",저소득노인,146
"2017","남부","하남시","80세 이상",일반,1312
"2017","남부","용인시","계",합계,20541
"2017","남부","용인시","계",국민기초생활보장 수급권자,1599
"2017","남부","용인시","계",저소득노인,538
"2017","남부","용인시","계",일반,18404
"2017","남부","용인시","65~79세",합계,13605
"2017","남부","용인시","65~79세",국민기초생활보장 수급권자,996
"2017","남부","용인시","65~79세",저소득노인,311
"2017","남부","용인시","65~79세",일반,12298
"2017","남부","용인시","80세 이상",합계,6936
"2017","남부","용인시","80세 이상",국민기초생활보장 수급권자,603
"2017","남부","용인시","80세 이상",저소득노인,227
"2017","남부","용인시","80세 이상",일반,6106
"2017","남부","이천시","계",합계,6453
"2017","남부","이천시","계",국민기초생활보장 수급권자,880
"2017","남부","이천시","계",저소득노인,285
"2017","남부","이천시","계",일반,5288
"2017","남부","이천시","65~79세",합계,4676
"2017","남부","이천시","65~79세",국민기초생활보장 수급권자,574
"2017","남부","이천시","65~79세",저소득노인,131
"2017","남부","이천시","65~79세",일반,3971
"2017","남부","이천시","80세 이상",합계,1777
"2017","남부","이천시","80세 이상",국민기초생활보장 수급권자,306
"2017","남부","이천시","80세 이상",저소득노인,154
"2017","남부","이천시","80세 이상",일반,1317
"2017","남부","안성시","계",합계,7328
"2017","남부","안성시","계",국민기초생활보장 수급권자,1396
"2017","남부","안성시","계",저소득노인,550
"2017","남부","안성시","계",일반,5382
"2017","남부","안성시","65~79세",합계,5073
"2017","남부","안성시","65~79세",국민기초생활보장 수급권자,860
"2017","남부","안성시","65~79세",저소득노인,271
"2017","남부","안성시","65~79세",일반,3942
"2017","남부","안성시","80세 이상",합계,2255
"2017","남부","안성시","80세 이상",국민기초생활보장 수급권자,536
"2017","남부","안성시","80세 이상",저소득노인,279
"2017","남부","안성시","80세 이상",일반,1440
"2017","남부","김포시","계",합계,9429
"2017","남부","김포시","계",국민기초생활보장 수급권자,2107
"2017","남부","김포시","계",저소득노인,251
"2017","남부","김포시","계",일반,7071
"2017","남부","김포시","65~79세",합계,7231
"2017","남부","김포시","65~79세",국민기초생활보장 수급권자,1538
"2017","남부","김포시","65~79세",저소득노인,178
"2017","남부","김포시","65~79세",일반,5515
"2017","남부","김포시","80세 이상",합계,2198
"2017","남부","김포시","80세 이상",국민기초생활보장 수급권자,569
"2017","남부","김포시","80세 이상",저소득노인,73
"2017","남부","김포시","80세 이상",일반,1556
"2017","남부","화성시","계",합계,12407
"2017","남부","화성시","계",국민기초생활보장 수급권자,1414
"2017","남부","화성시","계",저소득노인,720
"2017","남부","화성시","계",일반,10273
"2017","남부","화성시","65~79세",합계,8960
"2017","남부","화성시","65~79세",국민기초생활보장 수급권자,920
"2017","남부","화성시","65~79세",저소득노인,354
"2017","남부","화성시","65~79세",일반,7686
"2017","남부","화성시","80세 이상",합계,3447
"2017","남부","화성시","80세 이상",국민기초생활보장 수급권자,494
"2017","남부","화성시","80세 이상",저소득노인,366
"2017","남부","화성시","80세 이상",일반,2587
"2017","남부","광주시","계",합계,8161
"2017","남부","광주시","계",국민기초생활보장 수급권자,1143
"2017","남부","광주시","계",저소득노인,207
"2017","남부","광주시","계",일반,6811
"2017","남부","광주시","65~79세",합계,6575
"2017","남부","광주시","65~79세",국민기초생활보장 수급권자,718
"2017","남부","광주시","65~79세",저소득노인,101
"2017","남부","광주시","65~79세",일반,5756
"2017","남부","광주시","80세 이상",합계,1586
"2017","남부","광주시","80세 이상",국민기초생활보장 수급권자,425
"2017","남부","광주시","80세 이상",저소득노인,106
"2017","남부","광주시","80세 이상",일반,1055
"2017","남부","여주시","계",합계,5379
"2017","남부","여주시","계",국민기초생활보장 수급권자,757
"2017","남부","여주시","계",저소득노인,353
"2017","남부","여주시","계",일반,4269
"2017","남부","여주시","65~79세",합계,3229
"2017","남부","여주시","65~79세",국민기초생활보장 수급권자,494
"2017","남부","여주시","65~79세",저소득노인,165
"2017","남부","여주시","65~79세",일반,2570
"2017","남부","여주시","80세 이상",합계,2150
"2017","남부","여주시","80세 이상",국민기초생활보장 수급권자,263
"2017","남부","여주시","80세 이상",저소득노인,188
"2017","남부","여주시","80세 이상",일반,1699
"2017","남부","양평군","계",합계,7345
"2017","남부","양평군","계",국민기초생활보장 수급권자,1329
"2017","남부","양평군","계",저소득노인,598
"2017","남부","양평군","계",일반,5418
"2017","남부","양평군","65~79세",합계,5328
"2017","남부","양평군","65~79세",국민기초생활보장 수급권자,946
"2017","남부","양평군","65~79세",저소득노인,370
"2017","남부","양평군","65~79세",일반,4012
"2017","남부","양평군","80세 이상",합계,2017
"2017","남부","양평군","80세 이상",국민기초생활보장 수급권자,383
"2017","남부","양평군","80세 이상",저소득노인,228
"2017","남부","양평군","80세 이상",일반,1406
"2017","북부","소계","계",합계,103252
"2017","북부","소계","계",국민기초생활보장 수급권자,17542
"2017","북부","소계","계",저소득노인,7857
"2017","북부","소계","계",일반,77853
"2017","북부","소계","65~79세",합계,67448
"2017","북부","소계","65~79세",국민기초생활보장 수급권자,10927
"2017","북부","소계","65~79세",저소득노인,4588
"2017","북부","소계","65~79세",일반,51933
"2017","북부","소계","80세 이상",합계,35804
"2017","북부","소계","80세 이상",국민기초생활보장 수급권자,6615
"2017","북부","소계","80세 이상",저소득노인,3269
"2017","북부","소계","80세 이상",일반,25920
"2017","북부","의정부시","계",합계,13902
"2017","북부","의정부시","계",국민기초생활보장 수급권자,2746
"2017","북부","의정부시","계",저소득노인,783
"2017","북부","의정부시","계",일반,10373
"2017","북부","의정부시","65~79세",합계,10550
"2017","북부","의정부시","65~79세",국민기초생활보장 수급권자,1821
"2017","북부","의정부시","65~79세",저소득노인,440
"2017","북부","의정부시","65~79세",일반,8289
"2017","북부","의정부시","80세 이상",합계,3352
"2017","북부","의정부시","80세 이상",국민기초생활보장 수급권자,925
"2017","북부","의정부시","80세 이상",저소득노인,343
"2017","북부","의정부시","80세 이상",일반,2084
"2017","북부","동두천시","계",합계,5167
"2017","북부","동두천시","계",국민기초생활보장 수급권자,1122
"2017","북부","동두천시","계",저소득노인,482
"2017","북부","동두천시","계",일반,3563
"2017","북부","동두천시","65~79세",합계,3853
"2017","북부","동두천시","65~79세",국민기초생활보장 수급권자,757
"2017","북부","동두천시","65~79세",저소득노인,287
"2017","북부","동두천시","65~79세",일반,2809
"2017","북부","동두천시","80세 이상",합계,1314
"2017","북부","동두천시","80세 이상",국민기초생활보장 수급권자,365
"2017","북부","동두천시","80세 이상",저소득노인,195
"2017","북부","동두천시","80세 이상",일반,754
"2017","북부","고양시","계",합계,27135
"2017","북부","고양시","계",국민기초생활보장 수급권자,4253
"2017","북부","고양시","계",저소득노인,1599
"2017","북부","고양시","계",일반,21283
"2017","북부","고양시","65~79세",합계,19343
"2017","북부","고양시","65~79세",국민기초생활보장 수급권자,2934
"2017","북부","고양시","65~79세",저소득노인,877
"2017","북부","고양시","65~79세",일반,15532
"2017","북부","고양시","80세 이상",합계,7792
"2017","북부","고양시","80세 이상",국민기초생활보장 수급권자,1319
"2017","북부","고양시","80세 이상",저소득노인,722
"2017","북부","고양시","80세 이상",일반,5751
"2017","북부","구리시","계",합계,4921
"2017","북부","구리시","계",국민기초생활보장 수급권자,777
"2017","북부","구리시","계",저소득노인,537
"2017","북부","구리시","계",일반,3607
"2017","북부","구리시","65~79세",합계,3850
"2017","북부","구리시","65~79세",국민기초생활보장 수급권자,588
"2017","북부","구리시","65~79세",저소득노인,351
"2017","북부","구리시","65~79세",일반,2911
"2017","북부","구리시","80세 이상",합계,1071
"2017","북부","구리시","80세 이상",국민기초생활보장 수급권자,189
"2017","북부","구리시","80세 이상",저소득노인,186
"2017","북부","구리시","80세 이상",일반,696
"2017","북부","남양주시","계",합계,18160
"2017","북부","남양주시","계",국민기초생활보장 수급권자,2593
"2017","북부","남양주시","계",저소득노인,1000
"2017","북부","남양주시","계",일반,14567
"2017","북부","남양주시","65~79세",합계,4620
"2017","북부","남양주시","65~79세",국민기초생활보장 수급권자,894
"2017","북부","남양주시","65~79세",저소득노인,539
"2017","북부","남양주시","65~79세",일반,3187
"2017","북부","남양주시","80세 이상",합계,13540
"2017","북부","남양주시","80세 이상",국민기초생활보장 수급권자,1699
"2017","북부","남양주시","80세 이상",저소득노인,461
"2017","북부","남양주시","80세 이상",일반,11380
"2017","북부","파주시","계",합계,12843
"2017","북부","파주시","계",국민기초생활보장 수급권자,2075
"2017","북부","파주시","계",저소득노인,291
"2017","북부","파주시","계",일반,10477
"2017","북부","파주시","65~79세",합계,10719
"2017","북부","파주시","65~79세",국민기초생활보장 수급권자,1475
"2017","북부","파주시","65~79세",저소득노인,168
"2017","북부","파주시","65~79세",일반,9076
"2017","북부","파주시","80세 이상",합계,2124
"2017","북부","파주시","80세 이상",국민기초생활보장 수급권자,600
"2017","북부","파주시","80세 이상",저소득노인,123
"2017","북부","파주시","80세 이상",일반,1401
"2017","북부","양주시","계",합계,7030
"2017","북부","양주시","계",국민기초생활보장 수급권자,1388
"2017","북부","양주시","계",저소득노인,666
"2017","북부","양주시","계",일반,4976
"2017","북부","양주시","65~79세",합계,5329
"2017","북부","양주시","65~79세",국민기초생활보장 수급권자,870
"2017","북부","양주시","65~79세",저소득노인,392
"2017","북부","양주시","65~79세",일반,4067
"2017","북부","양주시","80세 이상",합계,1701
"2017","북부","양주시","80세 이상",국민기초생활보장 수급권자,518
"2017","북부","양주시","80세 이상",저소득노인,274
"2017","북부","양주시","80세 이상",일반,909
"2017","북부","포천시","계",합계,6471
"2017","북부","포천시","계",국민기초생활보장 수급권자,1149
"2017","북부","포천시","계",저소득노인,1643
"2017","북부","포천시","계",일반,3679
"2017","북부","포천시","65~79세",합계,4161
"2017","북부","포천시","65~79세",국민기초생활보장 수급권자,693
"2017","북부","포천시","65~79세",저소득노인,1078
"2017","북부","포천시","65~79세",일반,2390
"2017","북부","포천시","80세 이상",합계,2310
"2017","북부","포천시","80세 이상",국민기초생활보장 수급권자,456
"2017","북부","포천시","80세 이상",저소득노인,565
"2017","북부","포천시","80세 이상",일반,1289
"2017","북부","연천군","계",합계,3316
"2017","북부","연천군","계",국민기초생활보장 수급권자,742
"2017","북부","연천군","계",저소득노인,467
"2017","북부","연천군","계",일반,2107
"2017","북부","연천군","65~79세",합계,2104
"2017","북부","연천군","65~79세",국민기초생활보장 수급권자,454
"2017","북부","연천군","65~79세",저소득노인,253
"2017","북부","연천군","65~79세",일반,1397
"2017","북부","연천군","80세 이상",합계,1212
"2017","북부","연천군","80세 이상",국민기초생활보장 수급권자,288
"2017","북부","연천군","80세 이상",저소득노인,214
"2017","북부","연천군","80세 이상",일반,710
"2017","북부","가평군","계",합계,4307
"2017","북부","가평군","계",국민기초생활보장 수급권자,697
"2017","북부","가평군","계",저소득노인,389
"2017","북부","가평군","계",일반,3221
"2017","북부","가평군","65~79세",합계,2919
"2017","북부","가평군","65~79세",국민기초생활보장 수급권자,441
"2017","북부","가평군","65~79세",저소득노인,203
"2017","북부","가평군","65~79세",일반,2275
"2017","북부","가평군","80세 이상",합계,1388
"2017","북부","가평군","80세 이상",국민기초생활보장 수급권자,256
"2017","북부","가평군","80세 이상",저소득노인,186
"2017","북부","가평군","80세 이상",일반,946
"2018","합계","소계","계",합계,378779
"2018","합계","소계","계",국민기초생활보장 수급권자,61592
"2018","합계","소계","계",저소득노인,21322
"2018","합계","소계","계",일반,295865
"2018","합계","소계","65~79세",합계,265445
"2018","합계","소계","65~79세",국민기초생활보장 수급권자,39739
"2018","합계","소계","65~79세",저소득노인,11857
"2018","합계","소계","65~79세",일반,213849
"2018","합계","소계","80세 이상",합계,113334
"2018","합계","소계","80세 이상",국민기초생활보장 수급권자,21853
"2018","합계","소계","80세 이상",저소득노인,9465
"2018","합계","소계","80세 이상",일반,82016
"2018","남부","소계","계",합계,263527
"2018","남부","소계","계",국민기초생활보장 수급권자,41749
"2018","남부","소계","계",저소득노인,13464
"2018","남부","소계","계",일반,208314
"2018","남부","소계","65~79세",합계,183208
"2018","남부","소계","65~79세",국민기초생활보장 수급권자,26950
"2018","남부","소계","65~79세",저소득노인,7234
"2018","남부","소계","65~79세",일반,149024
"2018","남부","소계","80세 이상",합계,80319
"2018","남부","소계","80세 이상",국민기초생활보장 수급권자,14799
"2018","남부","소계","80세 이상",저소득노인,6230
"2018","남부","소계","80세 이상",일반,59290
"2018","남부","수원시","계",합계,34656
"2018","남부","수원시","계",국민기초생활보장 수급권자,4719
"2018","남부","수원시","계",저소득노인,1303
"2018","남부","수원시","계",일반,28634
"2018","남부","수원시","65~79세",합계,24058
"2018","남부","수원시","65~79세",국민기초생활보장 수급권자,3148
"2018","남부","수원시","65~79세",저소득노인,687
"2018","남부","수원시","65~79세",일반,20223
"2018","남부","수원시","80세 이상",합계,10598
"2018","남부","수원시","80세 이상",국민기초생활보장 수급권자,1571
"2018","남부","수원시","80세 이상",저소득노인,616
"2018","남부","수원시","80세 이상",일반,8411
"2018","남부","성남시","계",합계,29045
"2018","남부","성남시","계",국민기초생활보장 수급권자,6824
"2018","남부","성남시","계",저소득노인,1297
"2018","남부","성남시","계",일반,20924
"2018","남부","성남시","65~79세",합계,21229
"2018","남부","성남시","65~79세",국민기초생활보장 수급권자,4491
"2018","남부","성남시","65~79세",저소득노인,578
"2018","남부","성남시","65~79세",일반,16160
"2018","남부","성남시","80세 이상",합계,7816
"2018","남부","성남시","80세 이상",국민기초생활보장 수급권자,2333
"2018","남부","성남시","80세 이상",저소득노인,719
"2018","남부","성남시","80세 이상",일반,4764
"2018","남부","안양시","계",합계,14204
"2018","남부","안양시","계",국민기초생활보장 수급권자,1788
"2018","남부","안양시","계",저소득노인,746
"2018","남부","안양시","계",일반,11670
"2018","남부","안양시","65~79세",합계,9445
"2018","남부","안양시","65~79세",국민기초생활보장 수급권자,1130
"2018","남부","안양시","65~79세",저소득노인,385
"2018","남부","안양시","65~79세",일반,7930
"2018","남부","안양시","80세 이상",합계,4759
"2018","남부","안양시","80세 이상",국민기초생활보장 수급권자,658
"2018","남부","안양시","80세 이상",저소득노인,361
"2018","남부","안양시","80세 이상",일반,3740
"2018","남부","부천시","계",합계,22791
"2018","남부","부천시","계",국민기초생활보장 수급권자,2158
"2018","남부","부천시","계",저소득노인,452
"2018","남부","부천시","계",일반,20181
"2018","남부","부천시","65~79세",합계,15172
"2018","남부","부천시","65~79세",국민기초생활보장 수급권자,1518
"2018","남부","부천시","65~79세",저소득노인,240
"2018","남부","부천시","65~79세",일반,13414
"2018","남부","부천시","80세 이상",합계,7619
"2018","남부","부천시","80세 이상",국민기초생활보장 수급권자,640
"2018","남부","부천시","80세 이상",저소득노인,212
"2018","남부","부천시","80세 이상",일반,6767
"2018","남부","광명시","계",합계,9263
"2018","남부","광명시","계",국민기초생활보장 수급권자,1683
"2018","남부","광명시","계",저소득노인,431
"2018","남부","광명시","계",일반,7149
"2018","남부","광명시","65~79세",합계,7318
"2018","남부","광명시","65~79세",국민기초생활보장 수급권자,1330
"2018","남부","광명시","65~79세",저소득노인,340
"2018","남부","광명시","65~79세",일반,5648
"2018","남부","광명시","80세 이상",합계,1945
"2018","남부","광명시","80세 이상",국민기초생활보장 수급권자,353
"2018","남부","광명시","80세 이상",저소득노인,91
"2018","남부","광명시","80세 이상",일반,1501
"2018","남부","평택시","계",합계,15716
"2018","남부","평택시","계",국민기초생활보장 수급권자,2821
"2018","남부","평택시","계",저소득노인,964
"2018","남부","평택시","계",일반,11931
"2018","남부","평택시","65~79세",합계,11358
"2018","남부","평택시","65~79세",국민기초생활보장 수급권자,1940
"2018","남부","평택시","65~79세",저소득노인,493
"2018","남부","평택시","65~79세",일반,8925
"2018","남부","평택시","80세 이상",합계,4358
"2018","남부","평택시","80세 이상",국민기초생활보장 수급권자,881
"2018","남부","평택시","80세 이상",저소득노인,471
"2018","남부","평택시","80세 이상",일반,3006
"2018","남부","안산시","계",합계,17146
"2018","남부","안산시","계",국민기초생활보장 수급권자,3670
"2018","남부","안산시","계",저소득노인,1560
"2018","남부","안산시","계",일반,11916
"2018","남부","안산시","65~79세",합계,12254
"2018","남부","안산시","65~79세",국민기초생활보장 수급권자,2385
"2018","남부","안산시","65~79세",저소득노인,936
"2018","남부","안산시","65~79세",일반,8933
"2018","남부","안산시","80세 이상",합계,4892
"2018","남부","안산시","80세 이상",국민기초생활보장 수급권자,1285
"2018","남부","안산시","80세 이상",저소득노인,624
"2018","남부","안산시","80세 이상",일반,2983
"2018","남부","과천시","계",합계,1511
"2018","남부","과천시","계",국민기초생활보장 수급권자,137
"2018","남부","과천시","계",저소득노인,19
"2018","남부","과천시","계",일반,1355
"2018","남부","과천시","65~79세",합계,1030
"2018","남부","과천시","65~79세",국민기초생활보장 수급권자,68
"2018","남부","과천시","65~79세",저소득노인,10
"2018","남부","과천시","65~79세",일반,952
"2018","남부","과천시","80세 이상",합계,481
"2018","남부","과천시","80세 이상",국민기초생활보장 수급권자,69
"2018","남부","과천시","80세 이상",저소득노인,9
"2018","남부","과천시","80세 이상",일반,403
"2018","남부","오산시","계",합계,4323
"2018","남부","오산시","계",국민기초생활보장 수급권자,760
"2018","남부","오산시","계",저소득노인,243
"2018","남부","오산시","계",일반,3320
"2018","남부","오산시","65~79세",합계,3339
"2018","남부","오산시","65~79세",국민기초생활보장 수급권자,550
"2018","남부","오산시","65~79세",저소득노인,149
"2018","남부","오산시","65~79세",일반,2640
"2018","남부","오산시","80세 이상",합계,984
"2018","남부","오산시","80세 이상",국민기초생활보장 수급권자,210
"2018","남부","오산시","80세 이상",저소득노인,94
"2018","남부","오산시","80세 이상",일반,680
"2018","남부","시흥시","계",합계,11022
"2018","남부","시흥시","계",국민기초생활보장 수급권자,1458
"2018","남부","시흥시","계",저소득노인,233
"2018","남부","시흥시","계",일반,9331
"2018","남부","시흥시","65~79세",합계,9975
"2018","남부","시흥시","65~79세",국민기초생활보장 수급권자,879
"2018","남부","시흥시","65~79세",저소득노인,62
"2018","남부","시흥시","65~79세",일반,9034
"2018","남부","시흥시","80세 이상",합계,1047
"2018","남부","시흥시","80세 이상",국민기초생활보장 수급권자,579
"2018","남부","시흥시","80세 이상",저소득노인,171
"2018","남부","시흥시","80세 이상",일반,297
"2018","남부","군포시","계",합계,7366
"2018","남부","군포시","계",국민기초생활보장 수급권자,1395
"2018","남부","군포시","계",저소득노인,425
"2018","남부","군포시","계",일반,5546
"2018","남부","군포시","65~79세",합계,2062
"2018","남부","군포시","65~79세",국민기초생활보장 수급권자,908
"2018","남부","군포시","65~79세",저소득노인,193
"2018","남부","군포시","65~79세",일반,961
"2018","남부","군포시","80세 이상",합계,5304
"2018","남부","군포시","80세 이상",국민기초생활보장 수급권자,487
"2018","남부","군포시","80세 이상",저소득노인,232
"2018","남부","군포시","80세 이상",일반,4585
"2018","남부","의왕시","계",합계,3761
"2018","남부","의왕시","계",국민기초생활보장 수급권자,1227
"2018","남부","의왕시","계",저소득노인,323
"2018","남부","의왕시","계",일반,2211
"2018","남부","의왕시","65~79세",합계,2704
"2018","남부","의왕시","65~79세",국민기초생활보장 수급권자,474
"2018","남부","의왕시","65~79세",저소득노인,140
"2018","남부","의왕시","65~79세",일반,2090
"2018","남부","의왕시","80세 이상",합계,1057
"2018","남부","의왕시","80세 이상",국민기초생활보장 수급권자,753
"2018","남부","의왕시","80세 이상",저소득노인,183
"2018","남부","의왕시","80세 이상",일반,121
"2018","남부","하남시","계",합계,8719
"2018","남부","하남시","계",국민기초생활보장 수급권자,1365
"2018","남부","하남시","계",저소득노인,470
"2018","남부","하남시","계",일반,6884
"2018","남부","하남시","65~79세",합계,6717
"2018","남부","하남시","65~79세",국민기초생활보장 수급권자,845
"2018","남부","하남시","65~79세",저소득노인,244
"2018","남부","하남시","65~79세",일반,5628
"2018","남부","하남시","80세 이상",합계,2002
"2018","남부","하남시","80세 이상",국민기초생활보장 수급권자,520
"2018","남부","하남시","80세 이상",저소득노인,226
"2018","남부","하남시","80세 이상",일반,1256
"2018","남부","용인시","계",합계,21967
"2018","남부","용인시","계",국민기초생활보장 수급권자,2421
"2018","남부","용인시","계",저소득노인,1047
"2018","남부","용인시","계",일반,18499
"2018","남부","용인시","65~79세",합계,11846
"2018","남부","용인시","65~79세",국민기초생활보장 수급권자,1041
"2018","남부","용인시","65~79세",저소득노인,579
"2018","남부","용인시","65~79세",일반,10226
"2018","남부","용인시","80세 이상",합계,10121
"2018","남부","용인시","80세 이상",국민기초생활보장 수급권자,1380
"2018","남부","용인시","80세 이상",저소득노인,468
"2018","남부","용인시","80세 이상",일반,8273
"2018","남부","이천시","계",합계,6865
"2018","남부","이천시","계",국민기초생활보장 수급권자,921
"2018","남부","이천시","계",저소득노인,320
"2018","남부","이천시","계",일반,5624
"2018","남부","이천시","65~79세",합계,4668
"2018","남부","이천시","65~79세",국민기초생활보장 수급권자,553
"2018","남부","이천시","65~79세",저소득노인,148
"2018","남부","이천시","65~79세",일반,3967
"2018","남부","이천시","80세 이상",합계,2197
"2018","남부","이천시","80세 이상",국민기초생활보장 수급권자,368
"2018","남부","이천시","80세 이상",저소득노인,172
"2018","남부","이천시","80세 이상",일반,1657
"2018","남부","안성시","계",합계,7925
"2018","남부","안성시","계",국민기초생활보장 수급권자,1993
"2018","남부","안성시","계",저소득노인,528
"2018","남부","안성시","계",일반,5404
"2018","남부","안성시","65~79세",합계,5547
"2018","남부","안성시","65~79세",국민기초생활보장 수급권자,1254
"2018","남부","안성시","65~79세",저소득노인,309
"2018","남부","안성시","65~79세",일반,3984
"2018","남부","안성시","80세 이상",합계,2378
"2018","남부","안성시","80세 이상",국민기초생활보장 수급권자,739
"2018","남부","안성시","80세 이상",저소득노인,219
"2018","남부","안성시","80세 이상",일반,1420
"2018","남부","김포시","계",합계,10441
"2018","남부","김포시","계",국민기초생활보장 수급권자,1195
"2018","남부","김포시","계",저소득노인,577
"2018","남부","김포시","계",일반,8669
"2018","남부","김포시","65~79세",합계,10138
"2018","남부","김포시","65~79세",국민기초생활보장 수급권자,1125
"2018","남부","김포시","65~79세",저소득노인,546
"2018","남부","김포시","65~79세",일반,8467
"2018","남부","김포시","80세 이상",합계,303
"2018","남부","김포시","80세 이상",국민기초생활보장 수급권자,70
"2018","남부","김포시","80세 이상",저소득노인,31
"2018","남부","김포시","80세 이상",일반,202
"2018","남부","화성시","계",합계,13842
"2018","남부","화성시","계",국민기초생활보장 수급권자,1747
"2018","남부","화성시","계",저소득노인,1323
"2018","남부","화성시","계",일반,10772
"2018","남부","화성시","65~79세",합계,10470
"2018","남부","화성시","65~79세",국민기초생활보장 수급권자,1140
"2018","남부","화성시","65~79세",저소득노인,653
"2018","남부","화성시","65~79세",일반,8677
"2018","남부","화성시","80세 이상",합계,3372
"2018","남부","화성시","80세 이상",국민기초생활보장 수급권자,607
"2018","남부","화성시","80세 이상",저소득노인,670
"2018","남부","화성시","80세 이상",일반,2095
"2018","남부","광주시","계",합계,9260
"2018","남부","광주시","계",국민기초생활보장 수급권자,1148
"2018","남부","광주시","계",저소득노인,430
"2018","남부","광주시","계",일반,7682
"2018","남부","광주시","65~79세",합계,7010
"2018","남부","광주시","65~79세",국민기초생활보장 수급권자,699
"2018","남부","광주시","65~79세",저소득노인,219
"2018","남부","광주시","65~79세",일반,6092
"2018","남부","광주시","80세 이상",합계,2250
"2018","남부","광주시","80세 이상",국민기초생활보장 수급권자,449
"2018","남부","광주시","80세 이상",저소득노인,211
"2018","남부","광주시","80세 이상",일반,1590
"2018","남부","여주시","계",합계,5923
"2018","남부","여주시","계",국민기초생활보장 수급권자,1198
"2018","남부","여주시","계",저소득노인,381
"2018","남부","여주시","계",일반,4344
"2018","남부","여주시","65~79세",합계,4098
"2018","남부","여주시","65~79세",국민기초생활보장 수급권자,785
"2018","남부","여주시","65~79세",저소득노인,163
"2018","남부","여주시","65~79세",일반,3150
"2018","남부","여주시","80세 이상",합계,1825
"2018","남부","여주시","80세 이상",국민기초생활보장 수급권자,413
"2018","남부","여주시","80세 이상",저소득노인,218
"2018","남부","여주시","80세 이상",일반,1194
"2018","남부","양평군","계",합계,7781
"2018","남부","양평군","계",국민기초생활보장 수급권자,1121
"2018","남부","양평군","계",저소득노인,392
"2018","남부","양평군","계",일반,6268
"2018","남부","양평군","65~79세",합계,2770
"2018","남부","양평군","65~79세",국민기초생활보장 수급권자,687
"2018","남부","양평군","65~79세",저소득노인,160
"2018","남부","양평군","65~79세",일반,1923
"2018","남부","양평군","80세 이상",합계,5011
"2018","남부","양평군","80세 이상",국민기초생활보장 수급권자,434
"2018","남부","양평군","80세 이상",저소득노인,232
"2018","남부","양평군","80세 이상",일반,4345
"2018","북부","소계","계",합계,115252
"2018","북부","소계","계",국민기초생활보장 수급권자,19843
"2018","북부","소계","계",저소득노인,7858
"2018","북부","소계","계",일반,87551
"2018","북부","소계","65~79세",합계,82237
"2018","북부","소계","65~79세",국민기초생활보장 수급권자,12789
"2018","북부","소계","65~79세",저소득노인,4623
"2018","북부","소계","65~79세",일반,64825
"2018","북부","소계","80세 이상",합계,33015
"2018","북부","소계","80세 이상",국민기초생활보장 수급권자,7054
"2018","북부","소계","80세 이상",저소득노인,3235
"2018","북부","소계","80세 이상",일반,22726
"2018","북부","의정부시","계",합계,15078
"2018","북부","의정부시","계",국민기초생활보장 수급권자,2906
"2018","북부","의정부시","계",저소득노인,925
"2018","북부","의정부시","계",일반,11247
"2018","북부","의정부시","65~79세",합계,10978
"2018","북부","의정부시","65~79세",국민기초생활보장 수급권자,1928
"2018","북부","의정부시","65~79세",저소득노인,561
"2018","북부","의정부시","65~79세",일반,8489
"2018","북부","의정부시","80세 이상",합계,4100
"2018","북부","의정부시","80세 이상",국민기초생활보장 수급권자,978
"2018","북부","의정부시","80세 이상",저소득노인,364
"2018","북부","의정부시","80세 이상",일반,2758
"2018","북부","동두천시","계",합계,5351
"2018","북부","동두천시","계",국민기초생활보장 수급권자,978
"2018","북부","동두천시","계",저소득노인,660
"2018","북부","동두천시","계",일반,3713
"2018","북부","동두천시","65~79세",합계,3252
"2018","북부","동두천시","65~79세",국민기초생활보장 수급권자,710
"2018","북부","동두천시","65~79세",저소득노인,410
"2018","북부","동두천시","65~79세",일반,2132
"2018","북부","동두천시","80세 이상",합계,2099
"2018","북부","동두천시","80세 이상",국민기초생활보장 수급권자,268
"2018","북부","동두천시","80세 이상",저소득노인,250
"2018","북부","동두천시","80세 이상",일반,1581
"2018","북부","고양시","계",합계,29219
"2018","북부","고양시","계",국민기초생활보장 수급권자,5034
"2018","북부","고양시","계",저소득노인,987
"2018","북부","고양시","계",일반,23198
"2018","북부","고양시","65~79세",합계,20453
"2018","북부","고양시","65~79세",국민기초생활보장 수급권자,3185
"2018","북부","고양시","65~79세",저소득노인,654
"2018","북부","고양시","65~79세",일반,16614
"2018","북부","고양시","80세 이상",합계,8766
"2018","북부","고양시","80세 이상",국민기초생활보장 수급권자,1849
"2018","북부","고양시","80세 이상",저소득노인,333
"2018","북부","고양시","80세 이상",일반,6584
"2018","북부","구리시","계",합계,6978
"2018","북부","구리시","계",국민기초생활보장 수급권자,778
"2018","북부","구리시","계",저소득노인,917
"2018","북부","구리시","계",일반,5283
"2018","북부","구리시","65~79세",합계,5304
"2018","북부","구리시","65~79세",국민기초생활보장 수급권자,577
"2018","북부","구리시","65~79세",저소득노인,613
"2018","북부","구리시","65~79세",일반,4114
"2018","북부","구리시","80세 이상",합계,1674
"2018","북부","구리시","80세 이상",국민기초생활보장 수급권자,201
"2018","북부","구리시","80세 이상",저소득노인,304
"2018","북부","구리시","80세 이상",일반,1169
"2018","북부","남양주시","계",합계,20009
"2018","북부","남양주시","계",국민기초생활보장 수급권자,1284
"2018","북부","남양주시","계",저소득노인,660
"2018","북부","남양주시","계",일반,18065
"2018","북부","남양주시","65~79세",합계,15007
"2018","북부","남양주시","65~79세",국민기초생활보장 수급권자,720
"2018","북부","남양주시","65~79세",저소득노인,434
"2018","북부","남양주시","65~79세",일반,13853
"2018","북부","남양주시","80세 이상",합계,5002
"2018","북부","남양주시","80세 이상",국민기초생활보장 수급권자,564
"2018","북부","남양주시","80세 이상",저소득노인,226
"2018","북부","남양주시","80세 이상",일반,4212
"2018","북부","파주시","계",합계,14532
"2018","북부","파주시","계",국민기초생활보장 수급권자,3240
"2018","북부","파주시","계",저소득노인,940
"2018","북부","파주시","계",일반,10352
"2018","북부","파주시","65~79세",합계,10510
"2018","북부","파주시","65~79세",국민기초생활보장 수급권자,2078
"2018","북부","파주시","65~79세",저소득노인,500
"2018","북부","파주시","65~79세",일반,7932
"2018","북부","파주시","80세 이상",합계,4022
"2018","북부","파주시","80세 이상",국민기초생활보장 수급권자,1162
"2018","북부","파주시","80세 이상",저소득노인,440
"2018","북부","파주시","80세 이상",일반,2420
"2018","북부","양주시","계",합계,7939
"2018","북부","양주시","계",국민기초생활보장 수급권자,2483
"2018","북부","양주시","계",저소득노인,948
"2018","북부","양주시","계",일반,4508
"2018","북부","양주시","65~79세",합계,5268
"2018","북부","양주시","65~79세",국민기초생활보장 수급권자,1523
"2018","북부","양주시","65~79세",저소득노인,533
"2018","북부","양주시","65~79세",일반,3212
"2018","북부","양주시","80세 이상",합계,2671
"2018","북부","양주시","80세 이상",국민기초생활보장 수급권자,960
"2018","북부","양주시","80세 이상",저소득노인,415
"2018","북부","양주시","80세 이상",일반,1296
"2018","북부","포천시","계",합계,8132
"2018","북부","포천시","계",국민기초생활보장 수급권자,1622
"2018","북부","포천시","계",저소득노인,733
"2018","북부","포천시","계",일반,5777
"2018","북부","포천시","65~79세",합계,5911
"2018","북부","포천시","65~79세",국민기초생활보장 수급권자,1135
"2018","북부","포천시","65~79세",저소득노인,378
"2018","북부","포천시","65~79세",일반,4398
"2018","북부","포천시","80세 이상",합계,2221
"2018","북부","포천시","80세 이상",국민기초생활보장 수급권자,487
"2018","북부","포천시","80세 이상",저소득노인,355
"2018","북부","포천시","80세 이상",일반,1379
"2018","북부","연천군","계",합계,3499
"2018","북부","연천군","계",국민기초생활보장 수급권자,776
"2018","북부","연천군","계",저소득노인,464
"2018","북부","연천군","계",일반,2259
"2018","북부","연천군","65~79세",합계,2284
"2018","북부","연천군","65~79세",국민기초생활보장 수급권자,477
"2018","북부","연천군","65~79세",저소득노인,214
"2018","북부","연천군","65~79세",일반,1593
"2018","북부","연천군","80세 이상",합계,1215
"2018","북부","연천군","80세 이상",국민기초생활보장 수급권자,299
"2018","북부","연천군","80세 이상",저소득노인,250
"2018","북부","연천군","80세 이상",일반,666
"2018","북부","가평군","계",합계,4515
"2018","북부","가평군","계",국민기초생활보장 수급권자,742
"2018","북부","가평군","계",저소득노인,624
"2018","북부","가평군","계",일반,3149
"2018","북부","가평군","65~79세",합계,3270
"2018","북부","가평군","65~79세",국민기초생활보장 수급권자,456
"2018","북부","가평군","65~79세",저소득노인,326
"2018","북부","가평군","65~79세",일반,2488
"2018","북부","가평군","80세 이상",합계,1245
"2018","북부","가평군","80세 이상",국민기초생활보장 수급권자,286
"2018","북부","가평군","80세 이상",저소득노인,298
"2018","북부","가평군","80세 이상",일반,661
