,시점,시군별(1),시군별(2),인구현황별(1),인구현황별(2),데이터
2278,2018,남부,수원시,세대수 (세대),소계,492939.0
2279,2018,남부,수원시,등록인구 (명),소계,1242212.0
2280,2018,남부,수원시,등록인구 (명),남자,627004.0
2281,2018,남부,수원시,등록인구 (명),여자,615208.0
2282,2018,남부,수원시,한국인 (명),소계,1201166.0
2283,2018,남부,수원시,한국인 (명),남자,604918.0
2284,2018,남부,수원시,한국인 (명),여자,596248.0
2285,2018,남부,수원시,외국인 (명),소계,41046.0
2286,2018,남부,수원시,외국인 (명),남자,22086.0
2287,2018,남부,수원시,외국인 (명),여자,18960.0
2288,2018,남부,수원시,세대당 인구 (명),소계,2.44
2289,2018,남부,수원시,65세이상 고령자 (명),소계,117844.0
2290,2018,남부,수원시,65세이상 고령자 (명),한국인,117256.0
2291,2018,남부,수원시,65세이상 고령자 (명),외국인,588.0
2292,2018,남부,수원시,평균연령 (세),소계,38.9
2293,2018,남부,수원시,인구밀도 (명/㎢),소계,10262.0
2294,2018,남부,수원시,인구밀도면적 (㎢),소계,121.1
2295,2018,남부,성남시,세대수 (세대),소계,398412.0
2296,2018,남부,성남시,등록인구 (명),소계,972280.0
2297,2018,남부,성남시,등록인구 (명),남자,481647.0
2298,2018,남부,성남시,등록인구 (명),여자,490633.0
2299,2018,남부,성남시,한국인 (명),소계,954347.0
2300,2018,남부,성남시,한국인 (명),남자,472506.0
2301,2018,남부,성남시,한국인 (명),여자,481841.0
2302,2018,남부,성남시,외국인 (명),소계,17933.0
2303,2018,남부,성남시,외국인 (명),남자,9141.0
2304,2018,남부,성남시,외국인 (명),여자,8792.0
2305,2018,남부,성남시,세대당 인구 (명),소계,2.4
2306,2018,남부,성남시,65세이상 고령자 (명),소계,120370.0
2307,2018,남부,성남시,65세이상 고령자 (명),한국인,120100.0
2308,2018,남부,성남시,65세이상 고령자 (명),외국인,270.0
2309,2018,남부,성남시,평균연령 (세),소계,41.1
2310,2018,남부,성남시,인구밀도 (명/㎢),소계,6864.0
2311,2018,남부,성남시,인구밀도면적 (㎢),소계,141.6
2312,2018,남부,안양시,세대수 (세대),소계,222361.0
2313,2018,남부,안양시,등록인구 (명),소계,584239.0
2314,2018,남부,안양시,등록인구 (명),남자,289463.0
2315,2018,남부,안양시,등록인구 (명),여자,294776.0
2316,2018,남부,안양시,한국인 (명),소계,576831.0
2317,2018,남부,안양시,한국인 (명),남자,285816.0
2318,2018,남부,안양시,한국인 (명),여자,291015.0
2319,2018,남부,안양시,외국인 (명),소계,7408.0
2320,2018,남부,안양시,외국인 (명),남자,3647.0
2321,2018,남부,안양시,외국인 (명),여자,3761.0
2322,2018,남부,안양시,세대당 인구 (명),소계,2.59
2323,2018,남부,안양시,65세이상 고령자 (명),소계,67827.0
2324,2018,남부,안양시,65세이상 고령자 (명),한국인,67680.0
2325,2018,남부,안양시,65세이상 고령자 (명),외국인,147.0
2326,2018,남부,안양시,평균연령 (세),소계,41.0
2327,2018,남부,안양시,인구밀도 (명/㎢),소계,9994.0
2328,2018,남부,안양시,인구밀도면적 (㎢),소계,58.5
2329,2018,남부,부천시,세대수 (세대),소계,338759.0
2330,2018,남부,부천시,등록인구 (명),소계,868106.0
2331,2018,남부,부천시,등록인구 (명),남자,432953.0
2332,2018,남부,부천시,등록인구 (명),여자,435153.0
2333,2018,남부,부천시,한국인 (명),소계,843768.0
2334,2018,남부,부천시,한국인 (명),남자,420179.0
2335,2018,남부,부천시,한국인 (명),여자,423589.0
2336,2018,남부,부천시,외국인 (명),소계,24338.0
2337,2018,남부,부천시,외국인 (명),남자,12774.0
2338,2018,남부,부천시,외국인 (명),여자,11564.0
2339,2018,남부,부천시,세대당 인구 (명),소계,2.49
2340,2018,남부,부천시,65세이상 고령자 (명),소계,98097.0
2341,2018,남부,부천시,65세이상 고령자 (명),한국인,97670.0
2342,2018,남부,부천시,65세이상 고령자 (명),외국인,427.0
2343,2018,남부,부천시,평균연령 (세),소계,41.2
2344,2018,남부,부천시,인구밀도 (명/㎢),소계,16244.0
2345,2018,남부,부천시,인구밀도면적 (㎢),소계,53.4
2346,2018,남부,광명시,세대수 (세대),소계,128126.0
2347,2018,남부,광명시,등록인구 (명),소계,333114.0
2348,2018,남부,광명시,등록인구 (명),남자,164889.0
2349,2018,남부,광명시,등록인구 (명),여자,168225.0
2350,2018,남부,광명시,한국인 (명),소계,326841.0
2351,2018,남부,광명시,한국인 (명),남자,161734.0
2352,2018,남부,광명시,한국인 (명),여자,165107.0
2353,2018,남부,광명시,외국인 (명),소계,6273.0
2354,2018,남부,광명시,외국인 (명),남자,3155.0
2355,2018,남부,광명시,외국인 (명),여자,3118.0
2356,2018,남부,광명시,세대당 인구 (명),소계,2.55
2357,2018,남부,광명시,65세이상 고령자 (명),소계,40002.0
2358,2018,남부,광명시,65세이상 고령자 (명),한국인,39869.0
2359,2018,남부,광명시,65세이상 고령자 (명),외국인,133.0
2360,2018,남부,광명시,평균연령 (세),소계,40.8
2361,2018,남부,광명시,인구밀도 (명/㎢),소계,8646.0
2362,2018,남부,광명시,인구밀도면적 (㎢),소계,38.5
2363,2018,남부,평택시,세대수 (세대),소계,214409.0
2364,2018,남부,평택시,등록인구 (명),소계,518672.0
2365,2018,남부,평택시,등록인구 (명),남자,268012.0
2366,2018,남부,평택시,등록인구 (명),여자,250660.0
2367,2018,남부,평택시,한국인 (명),소계,495642.0
2368,2018,남부,평택시,한국인 (명),남자,254336.0
2369,2018,남부,평택시,한국인 (명),여자,241306.0
2370,2018,남부,평택시,외국인 (명),소계,23030.0
2371,2018,남부,평택시,외국인 (명),남자,13676.0
2372,2018,남부,평택시,외국인 (명),여자,9354.0
2373,2018,남부,평택시,세대당 인구 (명),소계,2.31
2374,2018,남부,평택시,65세이상 고령자 (명),소계,58837.0
2375,2018,남부,평택시,65세이상 고령자 (명),한국인,58483.0
2376,2018,남부,평택시,65세이상 고령자 (명),외국인,354.0
2377,2018,남부,평택시,평균연령 (세),소계,40.0
2378,2018,남부,평택시,인구밀도 (명/㎢),소계,1132.0
2379,2018,남부,평택시,인구밀도면적 (㎢),소계,458.3
2380,2018,남부,안산시,세대수 (세대),소계,276662.0
2381,2018,남부,안산시,등록인구 (명),소계,717130.0
2382,2018,남부,안산시,등록인구 (명),남자,371585.0
2383,2018,남부,안산시,등록인구 (명),여자,345545.0
2384,2018,남부,안산시,한국인 (명),소계,660343.0
2385,2018,남부,안산시,한국인 (명),남자,338701.0
2386,2018,남부,안산시,한국인 (명),여자,321642.0
2387,2018,남부,안산시,외국인 (명),소계,56787.0
2388,2018,남부,안산시,외국인 (명),남자,32884.0
2389,2018,남부,안산시,외국인 (명),여자,23903.0
2390,2018,남부,안산시,세대당 인구 (명),소계,2.39
2391,2018,남부,안산시,65세이상 고령자 (명),소계,63275.0
2392,2018,남부,안산시,65세이상 고령자 (명),한국인,62654.0
2393,2018,남부,안산시,65세이상 고령자 (명),외국인,621.0
2394,2018,남부,안산시,평균연령 (세),소계,39.9
2395,2018,남부,안산시,인구밀도 (명/㎢),소계,4608.0
2396,2018,남부,안산시,인구밀도면적 (㎢),소계,155.6
2397,2018,남부,과천시,세대수 (세대),소계,21205.0
2398,2018,남부,과천시,등록인구 (명),소계,58325.0
2399,2018,남부,과천시,등록인구 (명),남자,28516.0
2400,2018,남부,과천시,등록인구 (명),여자,29809.0
2401,2018,남부,과천시,한국인 (명),소계,58142.0
2402,2018,남부,과천시,한국인 (명),남자,28423.0
2403,2018,남부,과천시,한국인 (명),여자,29719.0
2404,2018,남부,과천시,외국인 (명),소계,183.0
2405,2018,남부,과천시,외국인 (명),남자,93.0
2406,2018,남부,과천시,외국인 (명),여자,90.0
2407,2018,남부,과천시,세대당 인구 (명),소계,2.74
2408,2018,남부,과천시,65세이상 고령자 (명),소계,7774.0
2409,2018,남부,과천시,65세이상 고령자 (명),한국인,7762.0
2410,2018,남부,과천시,65세이상 고령자 (명),외국인,12.0
2411,2018,남부,과천시,평균연령 (세),소계,41.5
2412,2018,남부,과천시,인구밀도 (명/㎢),소계,1626.0
2413,2018,남부,과천시,인구밀도면적 (㎢),소계,35.9
2414,2018,남부,오산시,세대수 (세대),소계,89860.0
2415,2018,남부,오산시,등록인구 (명),소계,229520.0
2416,2018,남부,오산시,등록인구 (명),남자,118245.0
2417,2018,남부,오산시,등록인구 (명),여자,111275.0
2418,2018,남부,오산시,한국인 (명),소계,220070.0
2419,2018,남부,오산시,한국인 (명),남자,113237.0
2420,2018,남부,오산시,한국인 (명),여자,106833.0
2421,2018,남부,오산시,외국인 (명),소계,9450.0
2422,2018,남부,오산시,외국인 (명),남자,5008.0
2423,2018,남부,오산시,외국인 (명),여자,4442.0
2424,2018,남부,오산시,세대당 인구 (명),소계,2.45
2425,2018,남부,오산시,65세이상 고령자 (명),소계,18690.0
2426,2018,남부,오산시,65세이상 고령자 (명),한국인,18589.0
2427,2018,남부,오산시,65세이상 고령자 (명),외국인,101.0
2428,2018,남부,오산시,평균연령 (세),소계,37.1
2429,2018,남부,오산시,인구밀도 (명/㎢),소계,5373.0
2430,2018,남부,오산시,인구밀도면적 (㎢),소계,42.7
2431,2018,남부,시흥시,세대수 (세대),소계,181061.0
2432,2018,남부,시흥시,등록인구 (명),소계,483327.0
2433,2018,남부,시흥시,등록인구 (명),남자,255608.0
2434,2018,남부,시흥시,등록인구 (명),여자,227719.0
2435,2018,남부,시흥시,한국인 (명),소계,448687.0
2436,2018,남부,시흥시,한국인 (명),남자,234840.0
2437,2018,남부,시흥시,한국인 (명),여자,213847.0
2438,2018,남부,시흥시,외국인 (명),소계,34640.0
2439,2018,남부,시흥시,외국인 (명),남자,20768.0
2440,2018,남부,시흥시,외국인 (명),여자,13872.0
2441,2018,남부,시흥시,세대당 인구 (명),소계,2.48
2442,2018,남부,시흥시,65세이상 고령자 (명),소계,37781.0
2443,2018,남부,시흥시,65세이상 고령자 (명),한국인,37552.0
2444,2018,남부,시흥시,65세이상 고령자 (명),외국인,229.0
2445,2018,남부,시흥시,평균연령 (세),소계,38.6
2446,2018,남부,시흥시,인구밀도 (명/㎢),소계,3486.0
2447,2018,남부,시흥시,인구밀도면적 (㎢),소계,138.7
2448,2018,남부,군포시,세대수 (세대),소계,107548.0
2449,2018,남부,군포시,등록인구 (명),소계,283876.0
2450,2018,남부,군포시,등록인구 (명),남자,141238.0
2451,2018,남부,군포시,등록인구 (명),여자,142638.0
2452,2018,남부,군포시,한국인 (명),소계,276916.0
2453,2018,남부,군포시,한국인 (명),남자,137536.0
2454,2018,남부,군포시,한국인 (명),여자,139380.0
2455,2018,남부,군포시,외국인 (명),소계,6960.0
2456,2018,남부,군포시,외국인 (명),남자,3702.0
2457,2018,남부,군포시,외국인 (명),여자,3258.0
2458,2018,남부,군포시,세대당 인구 (명),소계,2.57
2459,2018,남부,군포시,65세이상 고령자 (명),소계,31814.0
2460,2018,남부,군포시,65세이상 고령자 (명),한국인,31712.0
2461,2018,남부,군포시,65세이상 고령자 (명),외국인,102.0
2462,2018,남부,군포시,평균연령 (세),소계,40.5
2463,2018,남부,군포시,인구밀도 (명/㎢),소계,7795.0
2464,2018,남부,군포시,인구밀도면적 (㎢),소계,36.4
2465,2018,남부,의왕시,세대수 (세대),소계,58946.0
2466,2018,남부,의왕시,등록인구 (명),소계,155084.0
2467,2018,남부,의왕시,등록인구 (명),남자,77416.0
2468,2018,남부,의왕시,등록인구 (명),여자,77668.0
2469,2018,남부,의왕시,한국인 (명),소계,153932.0
2470,2018,남부,의왕시,한국인 (명),남자,76834.0
2471,2018,남부,의왕시,한국인 (명),여자,77098.0
2472,2018,남부,의왕시,외국인 (명),소계,1152.0
2473,2018,남부,의왕시,외국인 (명),남자,582.0
2474,2018,남부,의왕시,외국인 (명),여자,570.0
2475,2018,남부,의왕시,세대당 인구 (명),소계,2.61
2476,2018,남부,의왕시,65세이상 고령자 (명),소계,19166.0
2477,2018,남부,의왕시,65세이상 고령자 (명),한국인,19146.0
2478,2018,남부,의왕시,65세이상 고령자 (명),외국인,20.0
2479,2018,남부,의왕시,평균연령 (세),소계,41.5
2480,2018,남부,의왕시,인구밀도 (명/㎢),소계,2872.0
2481,2018,남부,의왕시,인구밀도면적 (㎢),소계,54.0
2482,2018,남부,하남시,세대수 (세대),소계,105832.0
2483,2018,남부,하남시,등록인구 (명),소계,256760.0
2484,2018,남부,하남시,등록인구 (명),남자,129347.0
2485,2018,남부,하남시,등록인구 (명),여자,127413.0
2486,2018,남부,하남시,한국인 (명),소계,254415.0
2487,2018,남부,하남시,한국인 (명),남자,127865.0
2488,2018,남부,하남시,한국인 (명),여자,126550.0
2489,2018,남부,하남시,외국인 (명),소계,2345.0
2490,2018,남부,하남시,외국인 (명),남자,1482.0
2491,2018,남부,하남시,외국인 (명),여자,863.0
2492,2018,남부,하남시,세대당 인구 (명),소계,2.4
2493,2018,남부,하남시,65세이상 고령자 (명),소계,30344.0
2494,2018,남부,하남시,65세이상 고령자 (명),한국인,30309.0
2495,2018,남부,하남시,65세이상 고령자 (명),외국인,35.0
2496,2018,남부,하남시,평균연령 (세),소계,40.1
2497,2018,남부,하남시,인구밀도 (명/㎢),소계,2761.0
2498,2018,남부,하남시,인구밀도면적 (㎢),소계,93.0
2499,2018,남부,용인시,세대수 (세대),소계,390137.0
2500,2018,남부,용인시,등록인구 (명),소계,1053522.0
2501,2018,남부,용인시,등록인구 (명),남자,524661.0
2502,2018,남부,용인시,등록인구 (명),여자,528861.0
2503,2018,남부,용인시,한국인 (명),소계,1035126.0
2504,2018,남부,용인시,한국인 (명),남자,514127.0
2505,2018,남부,용인시,한국인 (명),여자,520999.0
2506,2018,남부,용인시,외국인 (명),소계,18396.0
2507,2018,남부,용인시,외국인 (명),남자,10534.0
2508,2018,남부,용인시,외국인 (명),여자,7862.0
2509,2018,남부,용인시,세대당 인구 (명),소계,2.65
2510,2018,남부,용인시,65세이상 고령자 (명),소계,125266.0
2511,2018,남부,용인시,65세이상 고령자 (명),한국인,125066.0
2512,2018,남부,용인시,65세이상 고령자 (명),외국인,200.0
2513,2018,남부,용인시,평균연령 (세),소계,39.4
2514,2018,남부,용인시,인구밀도 (명/㎢),소계,1782.0
2515,2018,남부,용인시,인구밀도면적 (㎢),소계,591.3
2516,2018,남부,이천시,세대수 (세대),소계,89596.0
2517,2018,남부,이천시,등록인구 (명),소계,221585.0
2518,2018,남부,이천시,등록인구 (명),남자,114415.0
2519,2018,남부,이천시,등록인구 (명),여자,107170.0
2520,2018,남부,이천시,한국인 (명),소계,214206.0
2521,2018,남부,이천시,한국인 (명),남자,109878.0
2522,2018,남부,이천시,한국인 (명),여자,104328.0
2523,2018,남부,이천시,외국인 (명),소계,7379.0
2524,2018,남부,이천시,외국인 (명),남자,4537.0
2525,2018,남부,이천시,외국인 (명),여자,2842.0
2526,2018,남부,이천시,세대당 인구 (명),소계,2.39
2527,2018,남부,이천시,65세이상 고령자 (명),소계,28038.0
2528,2018,남부,이천시,65세이상 고령자 (명),한국인,27988.0
2529,2018,남부,이천시,65세이상 고령자 (명),외국인,50.0
2530,2018,남부,이천시,평균연령 (세),소계,40.5
2531,2018,남부,이천시,인구밀도 (명/㎢),소계,480.0
2532,2018,남부,이천시,인구밀도면적 (㎢),소계,461.4
2533,2018,남부,안성시,세대수 (세대),소계,79805.0
2534,2018,남부,안성시,등록인구 (명),소계,194954.0
2535,2018,남부,안성시,등록인구 (명),남자,101575.0
2536,2018,남부,안성시,등록인구 (명),여자,93379.0
2537,2018,남부,안성시,한국인 (명),소계,183579.0
2538,2018,남부,안성시,한국인 (명),남자,94095.0
2539,2018,남부,안성시,한국인 (명),여자,89484.0
2540,2018,남부,안성시,외국인 (명),소계,11375.0
2541,2018,남부,안성시,외국인 (명),남자,7480.0
2542,2018,남부,안성시,외국인 (명),여자,3895.0
2543,2018,남부,안성시,세대당 인구 (명),소계,2.3
2544,2018,남부,안성시,65세이상 고령자 (명),소계,29385.0
2545,2018,남부,안성시,65세이상 고령자 (명),한국인,29319.0
2546,2018,남부,안성시,65세이상 고령자 (명),외국인,66.0
2547,2018,남부,안성시,평균연령 (세),소계,42.6
2548,2018,남부,안성시,인구밀도 (명/㎢),소계,352.0
2549,2018,남부,안성시,인구밀도면적 (㎢),소계,553.4
2550,2018,남부,김포시,세대수 (세대),소계,166635.0
2551,2018,남부,김포시,등록인구 (명),소계,443019.0
2552,2018,남부,김포시,등록인구 (명),남자,228031.0
2553,2018,남부,김포시,등록인구 (명),여자,214988.0
2554,2018,남부,김포시,한국인 (명),소계,423170.0
2555,2018,남부,김포시,한국인 (명),남자,212410.0
2556,2018,남부,김포시,한국인 (명),여자,210760.0
2557,2018,남부,김포시,외국인 (명),소계,19849.0
2558,2018,남부,김포시,외국인 (명),남자,15621.0
2559,2018,남부,김포시,외국인 (명),여자,4228.0
2560,2018,남부,김포시,세대당 인구 (명),소계,2.54
2561,2018,남부,김포시,65세이상 고령자 (명),소계,48668.0
2562,2018,남부,김포시,65세이상 고령자 (명),한국인,48532.0
2563,2018,남부,김포시,65세이상 고령자 (명),외국인,136.0
2564,2018,남부,김포시,평균연령 (세),소계,39.0
2565,2018,남부,김포시,인구밀도 (명/㎢),소계,1602.0
2566,2018,남부,김포시,인구밀도면적 (㎢),소계,276.6
2567,2018,남부,화성시,세대수 (세대),소계,301025.0
2568,2018,남부,화성시,등록인구 (명),소계,798100.0
2569,2018,남부,화성시,등록인구 (명),남자,421539.0
2570,2018,남부,화성시,등록인구 (명),여자,376561.0
2571,2018,남부,화성시,한국인 (명),소계,758722.0
2572,2018,남부,화성시,한국인 (명),남자,392871.0
2573,2018,남부,화성시,한국인 (명),여자,365851.0
2574,2018,남부,화성시,외국인 (명),소계,39378.0
2575,2018,남부,화성시,외국인 (명),남자,28668.0
2576,2018,남부,화성시,외국인 (명),여자,10710.0
2577,2018,남부,화성시,세대당 인구 (명),소계,2.52
2578,2018,남부,화성시,65세이상 고령자 (명),소계,63705.0
2579,2018,남부,화성시,65세이상 고령자 (명),한국인,63520.0
2580,2018,남부,화성시,65세이상 고령자 (명),외국인,185.0
2581,2018,남부,화성시,평균연령 (세),소계,36.6
2582,2018,남부,화성시,인구밀도 (명/㎢),소계,1150.0
2583,2018,남부,화성시,인구밀도면적 (㎢),소계,693.9
2584,2018,남부,광주시,세대수 (세대),소계,150055.0
2585,2018,남부,광주시,등록인구 (명),소계,376819.0
2586,2018,남부,광주시,등록인구 (명),남자,195375.0
2587,2018,남부,광주시,등록인구 (명),여자,181444.0
2588,2018,남부,광주시,한국인 (명),소계,363782.0
2589,2018,남부,광주시,한국인 (명),남자,186309.0
2590,2018,남부,광주시,한국인 (명),여자,177473.0
2591,2018,남부,광주시,외국인 (명),소계,13037.0
2592,2018,남부,광주시,외국인 (명),남자,9066.0
2593,2018,남부,광주시,외국인 (명),여자,3971.0
2594,2018,남부,광주시,세대당 인구 (명),소계,2.42
2595,2018,남부,광주시,65세이상 고령자 (명),소계,42937.0
2596,2018,남부,광주시,65세이상 고령자 (명),한국인,42843.0
2597,2018,남부,광주시,65세이상 고령자 (명),외국인,94.0
2598,2018,남부,광주시,평균연령 (세),소계,40.5
2599,2018,남부,광주시,인구밀도 (명/㎢),소계,874.0
2600,2018,남부,광주시,인구밀도면적 (㎢),소계,431.0
2601,2018,남부,여주시,세대수 (세대),소계,49542.0
2602,2018,남부,여주시,등록인구 (명),소계,115074.0
2603,2018,남부,여주시,등록인구 (명),남자,58719.0
2604,2018,남부,여주시,등록인구 (명),여자,56355.0
2605,2018,남부,여주시,한국인 (명),소계,111525.0
2606,2018,남부,여주시,한국인 (명),남자,56479.0
2607,2018,남부,여주시,한국인 (명),여자,55046.0
2608,2018,남부,여주시,외국인 (명),소계,3549.0
2609,2018,남부,여주시,외국인 (명),남자,2240.0
2610,2018,남부,여주시,외국인 (명),여자,1309.0
2611,2018,남부,여주시,세대당 인구 (명),소계,2.25
2612,2018,남부,여주시,65세이상 고령자 (명),소계,21980.0
2613,2018,남부,여주시,65세이상 고령자 (명),한국인,21959.0
2614,2018,남부,여주시,65세이상 고령자 (명),외국인,21.0
2615,2018,남부,여주시,평균연령 (세),소계,45.3
2616,2018,남부,여주시,인구밀도 (명/㎢),소계,189.0
2617,2018,남부,여주시,인구밀도면적 (㎢),소계,608.3
2618,2018,남부,양평군,세대수 (세대),소계,54422.0
2619,2018,남부,양평군,등록인구 (명),소계,117670.0
2620,2018,남부,양평군,등록인구 (명),남자,59107.0
2621,2018,남부,양평군,등록인구 (명),여자,58563.0
2622,2018,남부,양평군,한국인 (명),소계,116095.0
2623,2018,남부,양평군,한국인 (명),남자,58396.0
2624,2018,남부,양평군,한국인 (명),여자,57699.0
2625,2018,남부,양평군,외국인 (명),소계,1575.0
2626,2018,남부,양평군,외국인 (명),남자,711.0
2627,2018,남부,양평군,외국인 (명),여자,864.0
2628,2018,남부,양평군,세대당 인구 (명),소계,2.13
2629,2018,남부,양평군,65세이상 고령자 (명),소계,26932.0
2630,2018,남부,양평군,65세이상 고령자 (명),한국인,26902.0
2631,2018,남부,양평군,65세이상 고령자 (명),외국인,30.0
2632,2018,남부,양평군,평균연령 (세),소계,47.5
2633,2018,남부,양평군,인구밀도 (명/㎢),소계,134.0
2634,2018,남부,양평군,인구밀도면적 (㎢),소계,877.7
2652,2018,북부,의정부시,세대수 (세대),소계,185319.0
2653,2018,북부,의정부시,등록인구 (명),소계,451542.0
2654,2018,북부,의정부시,등록인구 (명),남자,222479.0
2655,2018,북부,의정부시,등록인구 (명),여자,229063.0
2656,2018,북부,의정부시,한국인 (명),소계,447026.0
2657,2018,북부,의정부시,한국인 (명),남자,220360.0
2658,2018,북부,의정부시,한국인 (명),여자,226666.0
2659,2018,북부,의정부시,외국인 (명),소계,4516.0
2660,2018,북부,의정부시,외국인 (명),남자,2119.0
2661,2018,북부,의정부시,외국인 (명),여자,2397.0
2662,2018,북부,의정부시,세대당 인구 (명),소계,2.41
2663,2018,북부,의정부시,65세이상 고령자 (명),소계,61525.0
2664,2018,북부,의정부시,65세이상 고령자 (명),한국인,61413.0
2665,2018,북부,의정부시,65세이상 고령자 (명),외국인,112.0
2666,2018,북부,의정부시,평균연령 (세),소계,41.7
2667,2018,북부,의정부시,인구밀도 (명/㎢),소계,5538.0
2668,2018,북부,의정부시,인구밀도면적 (㎢),소계,81.5
2669,2018,북부,동두천시,세대수 (세대),소계,42919.0
2670,2018,북부,동두천시,등록인구 (명),소계,99566.0
2671,2018,북부,동두천시,등록인구 (명),남자,49970.0
2672,2018,북부,동두천시,등록인구 (명),여자,49596.0
2673,2018,북부,동두천시,한국인 (명),소계,96226.0
2674,2018,북부,동두천시,한국인 (명),남자,47988.0
2675,2018,북부,동두천시,한국인 (명),여자,48238.0
2676,2018,북부,동두천시,외국인 (명),소계,3340.0
2677,2018,북부,동두천시,외국인 (명),남자,1982.0
2678,2018,북부,동두천시,외국인 (명),여자,1358.0
2679,2018,북부,동두천시,세대당 인구 (명),소계,2.24
2680,2018,북부,동두천시,65세이상 고령자 (명),소계,17744.0
2681,2018,북부,동두천시,65세이상 고령자 (명),한국인,17695.0
2682,2018,북부,동두천시,65세이상 고령자 (명),외국인,49.0
2683,2018,북부,동두천시,평균연령 (세),소계,44.1
2684,2018,북부,동두천시,인구밀도 (명/㎢),소계,1041.0
2685,2018,북부,동두천시,인구밀도면적 (㎢),소계,95.7
2686,2018,북부,고양시,세대수 (세대),소계,417607.0
2687,2018,북부,고양시,등록인구 (명),소계,1056853.0
2688,2018,북부,고양시,등록인구 (명),남자,519004.0
2689,2018,북부,고양시,등록인구 (명),여자,537849.0
2690,2018,북부,고양시,한국인 (명),소계,1044189.0
2691,2018,북부,고양시,한국인 (명),남자,512359.0
2692,2018,북부,고양시,한국인 (명),여자,531830.0
2693,2018,북부,고양시,외국인 (명),소계,12664.0
2694,2018,북부,고양시,외국인 (명),남자,6645.0
2695,2018,북부,고양시,외국인 (명),여자,6019.0
2696,2018,북부,고양시,세대당 인구 (명),소계,2.5
2697,2018,북부,고양시,65세이상 고령자 (명),소계,126800.0
2698,2018,북부,고양시,65세이상 고령자 (명),한국인,126572.0
2699,2018,북부,고양시,65세이상 고령자 (명),외국인,228.0
2700,2018,북부,고양시,평균연령 (세),소계,41.0
2701,2018,북부,고양시,인구밀도 (명/㎢),소계,3942.0
2702,2018,북부,고양시,인구밀도면적 (㎢),소계,268.1
2703,2018,북부,구리시,세대수 (세대),소계,79735.0
2704,2018,북부,구리시,등록인구 (명),소계,204977.0
2705,2018,북부,구리시,등록인구 (명),남자,101722.0
2706,2018,북부,구리시,등록인구 (명),여자,103255.0
2707,2018,북부,구리시,한국인 (명),소계,203553.0
2708,2018,북부,구리시,한국인 (명),남자,101084.0
2709,2018,북부,구리시,한국인 (명),여자,102469.0
2710,2018,북부,구리시,외국인 (명),소계,1424.0
2711,2018,북부,구리시,외국인 (명),남자,638.0
2712,2018,북부,구리시,외국인 (명),여자,786.0
2713,2018,북부,구리시,세대당 인구 (명),소계,2.55
2714,2018,북부,구리시,65세이상 고령자 (명),소계,23834.0
2715,2018,북부,구리시,65세이상 고령자 (명),한국인,23800.0
2716,2018,북부,구리시,65세이상 고령자 (명),외국인,34.0
2717,2018,북부,구리시,평균연령 (세),소계,40.8
2718,2018,북부,구리시,인구밀도 (명/㎢),소계,6152.0
2719,2018,북부,구리시,인구밀도면적 (㎢),소계,33.3
2720,2018,북부,남양주시,세대수 (세대),소계,264488.0
2721,2018,북부,남양주시,등록인구 (명),소계,688965.0
2722,2018,북부,남양주시,등록인구 (명),남자,344492.0
2723,2018,북부,남양주시,등록인구 (명),여자,344473.0
2724,2018,북부,남양주시,한국인 (명),소계,681828.0
2725,2018,북부,남양주시,한국인 (명),남자,340030.0
2726,2018,북부,남양주시,한국인 (명),여자,341798.0
2727,2018,북부,남양주시,외국인 (명),소계,7137.0
2728,2018,북부,남양주시,외국인 (명),남자,4462.0
2729,2018,북부,남양주시,외국인 (명),여자,2675.0
2730,2018,북부,남양주시,세대당 인구 (명),소계,2.58
2731,2018,북부,남양주시,65세이상 고령자 (명),소계,86748.0
2732,2018,북부,남양주시,65세이상 고령자 (명),한국인,86681.0
2733,2018,북부,남양주시,65세이상 고령자 (명),외국인,67.0
2734,2018,북부,남양주시,평균연령 (세),소계,40.5
2735,2018,북부,남양주시,인구밀도 (명/㎢),소계,1504.0
2736,2018,북부,남양주시,인구밀도면적 (㎢),소계,458.1
2737,2018,북부,파주시,세대수 (세대),소계,188407.0
2738,2018,북부,파주시,등록인구 (명),소계,463122.0
2739,2018,북부,파주시,등록인구 (명),남자,237376.0
2740,2018,북부,파주시,등록인구 (명),여자,225746.0
2741,2018,북부,파주시,한국인 (명),소계,451848.0
2742,2018,북부,파주시,한국인 (명),남자,229250.0
2743,2018,북부,파주시,한국인 (명),여자,222598.0
2744,2018,북부,파주시,외국인 (명),소계,11274.0
2745,2018,북부,파주시,외국인 (명),남자,8126.0
2746,2018,북부,파주시,외국인 (명),여자,3148.0
2747,2018,북부,파주시,세대당 인구 (명),소계,2.4
2748,2018,북부,파주시,65세이상 고령자 (명),소계,57977.0
2749,2018,북부,파주시,65세이상 고령자 (명),한국인,57889.0
2750,2018,북부,파주시,65세이상 고령자 (명),외국인,88.0
2751,2018,북부,파주시,평균연령 (세),소계,40.0
2752,2018,북부,파주시,인구밀도 (명/㎢),소계,688.0
2753,2018,북부,파주시,인구밀도면적 (㎢),소계,673.2
2754,2018,북부,양주시,세대수 (세대),소계,89088.0
2755,2018,북부,양주시,등록인구 (명),소계,224250.0
2756,2018,북부,양주시,등록인구 (명),남자,115483.0
2757,2018,북부,양주시,등록인구 (명),여자,108767.0
2758,2018,북부,양주시,한국인 (명),소계,216951.0
2759,2018,북부,양주시,한국인 (명),남자,109978.0
2760,2018,북부,양주시,한국인 (명),여자,106973.0
2761,2018,북부,양주시,외국인 (명),소계,7299.0
2762,2018,북부,양주시,외국인 (명),남자,5505.0
2763,2018,북부,양주시,외국인 (명),여자,1794.0
2764,2018,북부,양주시,세대당 인구 (명),소계,2.44
2765,2018,북부,양주시,65세이상 고령자 (명),소계,31181.0
2766,2018,북부,양주시,65세이상 고령자 (명),한국인,31121.0
2767,2018,북부,양주시,65세이상 고령자 (명),외국인,60.0
2768,2018,북부,양주시,평균연령 (세),소계,41.6
2769,2018,북부,양주시,인구밀도 (명/㎢),소계,723.0
2770,2018,북부,양주시,인구밀도면적 (㎢),소계,310.3
2771,2018,북부,포천시,세대수 (세대),소계,69429.0
2772,2018,북부,포천시,등록인구 (명),소계,163474.0
2773,2018,북부,포천시,등록인구 (명),남자,89286.0
2774,2018,북부,포천시,등록인구 (명),여자,74188.0
2775,2018,북부,포천시,한국인 (명),소계,150676.0
2776,2018,북부,포천시,한국인 (명),남자,79310.0
2777,2018,북부,포천시,한국인 (명),여자,71366.0
2778,2018,북부,포천시,외국인 (명),소계,12798.0
2779,2018,북부,포천시,외국인 (명),남자,9976.0
2780,2018,북부,포천시,외국인 (명),여자,2822.0
2781,2018,북부,포천시,세대당 인구 (명),소계,2.17
2782,2018,북부,포천시,65세이상 고령자 (명),소계,26370.0
2783,2018,북부,포천시,65세이상 고령자 (명),한국인,26306.0
2784,2018,북부,포천시,65세이상 고령자 (명),외국인,64.0
2785,2018,북부,포천시,평균연령 (세),소계,45.0
2786,2018,북부,포천시,인구밀도 (명/㎢),소계,198.0
2787,2018,북부,포천시,인구밀도면적 (㎢),소계,826.7
2788,2018,북부,연천군,세대수 (세대),소계,21526.0
2789,2018,북부,연천군,등록인구 (명),소계,45606.0
2790,2018,북부,연천군,등록인구 (명),남자,24066.0
2791,2018,북부,연천군,등록인구 (명),여자,21540.0
2792,2018,북부,연천군,한국인 (명),소계,44633.0
2793,2018,북부,연천군,한국인 (명),남자,23364.0
2794,2018,북부,연천군,한국인 (명),여자,21269.0
2795,2018,북부,연천군,외국인 (명),소계,973.0
2796,2018,북부,연천군,외국인 (명),남자,702.0
2797,2018,북부,연천군,외국인 (명),여자,271.0
2798,2018,북부,연천군,세대당 인구 (명),소계,2.07
2799,2018,북부,연천군,65세이상 고령자 (명),소계,10623.0
2800,2018,북부,연천군,65세이상 고령자 (명),한국인,10611.0
2801,2018,북부,연천군,65세이상 고령자 (명),외국인,12.0
2802,2018,북부,연천군,평균연령 (세),소계,47.0
2803,2018,북부,연천군,인구밀도 (명/㎢),소계,67.0
2804,2018,북부,연천군,인구밀도면적 (㎢),소계,676.3
2805,2018,북부,가평군,세대수 (세대),소계,30359.0
2806,2018,북부,가평군,등록인구 (명),소계,63936.0
2807,2018,북부,가평군,등록인구 (명),남자,32716.0
2808,2018,북부,가평군,등록인구 (명),여자,31220.0
2809,2018,북부,가평군,한국인 (명),소계,62918.0
2810,2018,북부,가평군,한국인 (명),남자,32288.0
2811,2018,북부,가평군,한국인 (명),여자,30630.0
2812,2018,북부,가평군,외국인 (명),소계,1018.0
2813,2018,북부,가평군,외국인 (명),남자,428.0
2814,2018,북부,가평군,외국인 (명),여자,590.0
2815,2018,북부,가평군,세대당 인구 (명),소계,2.07
2816,2018,북부,가평군,65세이상 고령자 (명),소계,14837.0
2817,2018,북부,가평군,65세이상 고령자 (명),한국인,14802.0
2818,2018,북부,가평군,65세이상 고령자 (명),외국인,35.0
2819,2018,북부,가평군,평균연령 (세),소계,48.1
2820,2018,북부,가평군,인구밀도 (명/㎢),소계,76.0
2821,2018,북부,가평군,인구밀도면적 (㎢),소계,843.3
